Unnamed: 0,Algorithm,ProofType,TotalCoinsMined,TotalCoinSupply
42,Scrypt,PoW/PoS,41.99995383,42.0
404,Scrypt,PoW/PoS,1055184902.0,532000000.0
1337,X13,PoW/PoS,29279424623.0,314159000000.0
BTC,SHA-256,PoW,17927175.0,21000000.0
ETH,Ethash,PoW,107684222.7,0.0
LTC,Scrypt,PoW,63039243.3,84000000.0
DASH,X11,PoW/PoS,9031294.376,22000000.0
XMR,CryptoNight-V7,PoW,17201143.14,0.0
ETC,Ethash,PoW,113359703.0,210000000.0
ZEC,Equihash,PoW,7383056.25,21000000.0
BTS,SHA-512,PoS,2741570000.0,3600570502.0
DGB,Multiple,PoW,11406219141.0,21000000000.0
BTCD,SHA-256,PoW/PoS,1288862.0,22000000.0
XPY,SHA-256,PoS,11995334.88,12500000.0
PRC,Scrypt,PoW,5768310.0,21000000.0
KOBO,X15,PoW/PoS,25542535.59,350000000.0
SPR,X11,PoW,11149734.0,20000000.0
ARG,Scrypt,PoW,12205795.44,64000000.0
AUR,Scrypt,PoW/PoS,18135099.99,16768584.0
BLU,Scrypt,PoW/PoS,635423900.0,0.0
XMY,Multiple,PoW,1688254250.0,2000000000.0
MOON,Scrypt,PoW,88.0,384000000000.0
ZET,SHA-256,PoW,170204389.8,169795588.0
SXC,Scrypt,PoW,128940951.2,250000000.0
QTL,Scrypt,PoW,7357794.793,100000000.0
ENRG,Scrypt,PoW/PoS,123062801.1,0.0
QRK,Quark,PoW,259557164.9,247000000.0
RIC,Groestl,PoW,49548585.14,84000000.0
DGC,Scrypt,PoW,33442988.34,48166000.0
BTB,Scrypt,PoW/PoS,42579.4769,500000.0
CAT,Scrypt,PoW,7219956.646,21000000.0
CBX,Scrypt,PoW/PoS,1039116.651,1000000.0
CCN,Scrypt,PoW,4703879.518,13140000.0
CRYPT,X11,PoW,4996986.206,18000000.0
CSC,Scrypt,PoC,39999997300.0,40000000000.0
DMD,Groestl,PoW/PoS,3304487.747,4380000.0
XVG,Multiple,PoW,15929530669.0,16555000000.0
DVC,SHA-256,PoW,18773857500.0,21000000000.0
EAC,Scrypt,PoW,12539015187.0,13500000000.0
EFL,Scrypt,PoW,20910478.81,21000000.0
EMC2,Scrypt,PoW,218871896.5,299792458.0
EMD,Scrypt,PoW,19496786.31,32000000.0
EXCL,PoS,PoS,5679705.0,0.0
FLT,Scrypt,PoS/PoW/PoT,461829905.3,0.0
FRK,Scrypt,PoW,1142732.149,11235813.0
FTC,NeoScrypt,PoW,208669093.0,336000000.0
GDC,Scrypt,PoW,884125802.0,1420609614.0
GLC,Scrypt,PoW,65672720.47,70000000.0
GLD,Scrypt,PoW,41658648.0,72245700.0
HBN,Scrypt,PoW/PoS,89266933.68,120000000.0
HYP,X11,PoS,1678520091.0,0.0
IFC,Scrypt,PoW,90595753019.0,90600000000.0
IOC,X11,PoW/PoS,17650913.97,22000000.0
IXC,SHA-256,PoW,21089349.0,21000000.0
KGC,Scrypt,PoW,151447649.8,265420800.0
LKY,Scrypt,PoW,19326319.14,20000000.0
LTB,Scrypt,PoW,1104344.229,1350000.0
MAX,SHA3,PoW/PoS,61445805.0,100000000.0
MEC,Scrypt,PoW,38151999.99,42000000.0
MED,HybridScryptHash256,PoW,40431856.9,200000000.0
MINT,Scrypt,PoS,21293925445.0,0.0
MINC,Scrypt,PoW,5804204.888,10000000.0
MZC,SHA-256,PoW/PoS,1613836100.0,2419200000.0
NAUT,Scrypt,PoS,16180000.0,16180000.0
NAV,X13,PoW/PoS,66087096.21,0.0
NOBL,Scrypt,PoW,2366066306.0,15000000000.0
NMC,SHA-256,PoW,14736400.0,21000000.0
NYAN,Scrypt,PoW,334709223.5,337000000.0
OPAL,X13,PoW/PoS,15156364.33,0.0
ORB,NeoScrypt,PoW/PoS,3220616.279,3770000.0
POT,Scrypt,PoW/PoS,222677226.0,420000000.0
PXC,Scrypt,PoW/PoS,73959274.63,98000000.0
RDD,Scrypt,PoW/PoS,29315567169.0,0.0
RPC,Scrypt,PoW,1104157.422,21000000.0
SBC,Scrypt,PoW,24215181.73,250000000.0
SMC,Scrypt,PoW,25593737.14,51200000.0
SUPER,X11,PoS,50707661.75,0.0
SYNC,X11,PoW/PoS,1177.0,1000.0
SYS,SHA-256,PoW,563336541.3,888000000.0
TES,Multiple,PoS,80260463.73,100000000.0
TGC,SHA-256,PoW,43536800.0,47011968.0
TIT,PHI1612,PoS,1622326490.0,2300000000.0
TOR,X11,PoW/PoS,1431851.0,10000000.0
TRC,SHA-256,PoW,22935396.0,42000000.0
UNB,SHA-256,PoW,2278150.0,80000000.0
UNO,SHA-256,PoW,200911.7915,250000.0
URO,X11,PoW,1207310.0,0.0
USDE,Scrypt,PoW/PoS,1098952593.0,1600000000.0
UTC,Scrypt,PoW/PoS,50235211.14,100000000.0
VIA,Scrypt,PoW,23150892.17,23000000.0
VRC,Scrypt,PoST,32021108.41,0.0
VTC,Lyra2REv2,PoW,51173723.82,84000000.0
WDC,Scrypt,PoW,119606941.0,265420800.0
XC,X11,PoW/PoS,6950831.097,5500000.0
XCR,Multiple,PoS,100000000.0,0.0
XJO,SHA-256,PoW,39195739.36,45000000.0
XST,X13,PoW/PoS,33093725.41,0.0
ZCC,Scrypt,PoW/PoS,147990238.0,1000000000.0
BCN,CryptoNight,PoW,184067000000.0,184467000000.0
XDN,CryptoNight,PoW,6906587610.0,10000000000.0
BURST,Shabal256,PoC,1813033920.0,2158812800.0
SJCX,Counterparty,PoS,51173144.0,500000000.0
MONA,Scrypt,PoW,68194674.87,105120000.0
NTRN,SHA-256,PoW/PoS,39121694.0,68000000.0
FAIR,Groestl,PoW/PoS,53193831.0,0.0
NLG,Scrypt,PoW,415032420.0,1680000000.0
RBY,Scrypt,PoS,27184490.39,0.0
PTC,Scrypt,PoW,137517654.4,166386000.0
KORE,X13,PoW/PoS,2022464.887,12000000.0
WBB,Scrypt,PoW,181919.2436,2628000.0
NOTE,Scrypt,PoS,174646113.9,500000000.0
FLO,Scrypt,PoW,152270664.9,160000000.0
8BIT,Scrypt,PoW/PoS,1467841.0,0.0
STV,X13,PoW/PoS,7096834.0,10000000.0
ABY,Scrypt,PoW,792537250.0,1000000000.0
FLDC,Stanford Folding,PoW,719416990.0,1000000000.0
U,X11,PoS,2689812.0,20000000.0
UIS,Multiple,PoW,65113302.0,0.0
CYP,QuBit,PoW,6365285.0,0.0
OMC,Scrypt,PoW,10140044.44,3371337.0
VTR,Scrypt,PoW/PoS,11604722.0,20000000.0
GRE,Scrypt,PoW,4610340641.0,10000000000.0
XCN,M7 POW,PoW,708506520.0,1840000000.0
MSC,Scrypt,PoW,619478.0,619478.0
SOON,SHA-256,PoW,12462620.0,21000000.0
1CR,Scrypt,PoW,88213.0,92000000000.0
ISL,X11,PoW/PoS,1513704.0,0.0
NXS,SHA3,PoW/nPoS,63657220.0,78000000.0
MARS,X11,PoW,32221574.82,33000000.0
CTO,Lyra2RE,PoW,13742738.0,65789100.0
ACP,SHA-256,PoW,14747200.0,53760000.0
DRZ,QUAIT,PoW/PoS,8568038.359,5060000.0
BSC,X11,PoW,15863837.5,21000000.0
SQL,X11,PoS/PoW,329200.0164,0.0
SONG,Scrypt,PoW,32565300.0,210240000.0
ZNY,Scrypt,PoW,75614500.0,250000000.0
DIGS,Scrypt,PoS,100000000.0,100000000.0
EXP,Ethash,PoW,10495278.0,16906397.0
CON,X13,PoW/PoS,23042604.0,50000000.0
SC,Blake2b,PoW,33098296530.0,0.0
EMC,SHA-256,PoW/PoS,43059794.8,1000000000.0
EGC,X15,PoW/PoS,13530556.42,26298000.0
MND,X11,PoW,15867695.0,16000000.0
I0C,SHA-256,PoW,20997476.87,21000000.0
DCR,BLAKE256,PoW/PoS,10365046.93,21000000.0
RVR,Scrypt,PoW,210000000.0,210000000.0
HODL,1GB AES Pattern Search,PoW,11448949.0,81962100.0
EDRC,SHA-256,PoW/PoS,3669691.845,22000000.0
HTC,X11,PoW/PoS,10996318099.0,26550000000.0
GAME,Scrypt,PoW,69836100.0,84000000.0
DBIC,SHA-256,PoW/PoS,5129014.0,10500000.0
DIEM,SHA-256,PoW,21739971929.0,21626280000.0
PWR,NIST5,PoW/PoS,10069449032.0,0.0
BLRY,Scrypt,PoW/PoS,8998743.241,42000000.0
GPU,Scrypt,PoS,40477042.0,221052632.0
ADZ,X11,PoW,45110324.0,84000000.0
SOIL,Dagger,PoW,5702048.0,30000000.0
YOC,Scrypt,PoW,636462.5598,168351300.0
SIB,X11GOST,PoW,17263355.0,24000000.0
ERC,X11,PoW/PoS,10407269.79,384000000.0
ZEIT,Scrypt,PoS,36971236047.0,99000000000.0
SWING,SHA-256,PoW/PoS,4377081.61,40000000.0
SAFEX,Scrypt,PoC,2147483647.0,2147483647.0
NEBU,PoS,PoS,20000000.0,20000000.0
FRN,Scrypt,PoW,6570807.657,20000000.0
BOLI,X11,PoW,13654082.5,25000000.0
XRA,X11,PoW/PoS,134554941.2,75000000.0
REV,SHA-256,PoW/PoS,1195525.0,222725000.0
CKC,SHA-256,PoW/PoS,16662820.0,525000000.0
VIP,NIST5,PoW/PoS,83450403.0,90000000.0
BSD,X11,PoW/PoS,24387724.5,139000000.0
OMNI,Scrypt,PoW,616448.0,616448.0
LIR,POS 3.0,PoS,38589808.67,33500000.0
PUT,Scrypt,PoW/PoS,813092338.6,2000000000.0
IBANK,Scrypt,PoW/PoS,4526324.0,44333333.0
FRWC,Scrypt,PoW/PoS,100000000.0,100000000.0
MUDRA,X13,PoS,5000000.0,200000000.0
PIZZA,X11,PoW,1377917.0,25000000.0
LC,X11,PoS,657000000.0,657000000.0
KMD,Equihash,dPoW/PoW,115898131.0,200000000.0
GB,X11,PoW/PoS,15563873.0,50000000.0
CTC,Scrypt,PoW/PoS,43165500.0,90000000.0
KRB,CryptoNight,PoW,7822432.724,10000000.0
BXT,SHA-256,PoW/PoS,595429.0,21000000.0
ZYD,SHA-256,PoW,6243840.0,9736000.0
MST,X11,PoW/PoS,657636.3455,3000000.0
ZNE,Scrypt,PoW/PoS,2581970.0,21000000.0
COVAL,Multiple,PoW,1000000000.0,1200000000.0
ROOT,Scrypt,PoW/PoS,1939889.0,0.0
DOPE,Scrypt,PoW,116845228.0,200000000.0
BTCR,Scrypt,PoS,169598616.0,0.0
DLC,SHA-256,PoW,9106714.0,10638298.0
SCN,Scrypt,PoW/PoW,665200057.0,3100000000.0
SH,Scrypt,PoW,11119200.0,30000000.0
BUZZ,SHA-256D,PoW/PoS,19577787259.0,20000000000.0
XPO,PoS,PoS,74033806.79,74000000.0
PSB,Scrypt,PoW/PoS,33522957.0,0.0
HALLO,X11,PoW/PoS,264678458.3,1500000000.0
XZC,Lyra2Z,PoW,7568281.25,21400000.0
CFC,PoS,PoS,148716816.0,39999898.0
ROYAL,X13,PoS,2500124.0,2500124.0
GNJ,X14,PoW/PoS,100000000.0,100000000.0
TEAM,PoS,PoS,17818682.17,301000000.0
LANA,SHA-256D,PoW/PoS,1082162636.0,7506000000.0
ELE,Ethash,PoW,26205539.0,26205539.0
ZCL,Equihash,PoW,5613550.0,21000000.0
ARK,DPoS,DPoS,108202084.0,125000000.0
INSANE,X11,PoW/PoS,18342813.0,30000000.0
KLC,Scrypt,PoW,196297971.0,10000000000.0
ATX,X11,PoW,824000000.0,500000000.0
EMB,X13,PoW/PoS,92192822723.0,850000000.0
XEN,X11,PoW/PoS,3853326.777,3853326.777
FRE,PoS,PoS,50000000.0,50000000.0
PLNC,Scrypt,PoW/PoS,17089600.0,38540000.0
ARCO,Scrypt,PoW/PoS,2449577.415,42000000.0
KURT,X11,PoW,61364813.0,228000000.0
XCRE,PoS,PoS,20000000.0,20000000.0
ENT,X11,PoW/PoS,6069482.077,60000000.0
EUC,SHA-256,PoW/PoS,12416554.0,20000000.0
BCF,Scrypt,PoW/PoS,20244023.64,33000000.0
XSN,X11,TPoS,75590369.0,76500000.0
BCCOIN,Scrypt,PoW/PoS,11080722.38,28000000.0
MONEY,Scrypt,PoW/PoS,10914418.0,650659833.0
XNG,X11,PoW/PoS,814671.0,5000000.0
XCI,CryptoNight,PoW,978145.0,21000000.0
RC,Scrypt,PoW/PoS,8377873.0,144000000.0
PND,Scrypt,PoS,33813143822.0,32514916898.0
UNITS,Scrypt,PoW/PoS,3472983.0,13000000.0
GAKH,Scrypt,PoW/PoS,3315789.0,3315789.0
ASAFE2,Quark,PoS,10517772.74,15000000.0
LTCR,QuBit,PoW/PoS,30227750.0,78835200.0
OS76,Scrypt,PoW,894026.0,2714286.0
BIC,CryptoNight,PoW,9357088.0,25000000.0
HXX,Lyra2RE,PoW,1876146.444,9999999.0
KED,Scrypt,PoW/PoS,23965372.0,500000000.0
IOP,SHA-256,PoW/PoS,2526078.475,21000000.0
KUSH,X11,PoW/PoS,5659096.957,9354000.0
PRX,Scrypt,PoW/PoS,11821728.0,20000000.0
PAC,X11,PoW,536982074.0,100000000000.0
IMPCH,Scrypt,PoW/PoS,308179.0,21933333.0
CTL,CryptoNight-V7,PoW,10969318.52,185000000.0
ZBC,Scrypt,PoS,2922613.964,55000000.0
FRST,Scrypt,PoW/PoS ,110000000.0,110000000.0
BVC,Scrypt,PoW,3115258.0,3360000.0
FIND,X13,PoS,14524851.48,14524851.48
VLTC,X11,PoW,30385540.0,1000000000.0
ZER,Equihash,PoW,6921653.9,17000000.0
CHAT,Scrypt,PoW/PoS,1000000000.0,1000000000.0
CDN,Scrypt,PoW,99843408.32,100000000.0
ZOI,Lyra2RE,PoW,18545757.5,21000000.0
RNS,Scrypt,PoS,36050365.0,34426423.0
DBIX,Dagger-Hashimoto,PoW,2232901.0,2232901.0
XVP,X11,PoW/PoS,13162749.09,100000000.0
TAJ,Blake2S,PoW/PoS,12184195.93,36900000.0
IMX,X11,PoW/PoS,110630387.9,110000000.0
EB3,Scrypt,PoW,64096052.0,4000000000.0
ATMOS,PoS,PoS,111135836.9,110290030.0
HPC,X11,PoW/PoS,21521322.01,100000000.0
CXT,NIST5,PoW,10123200.0,48252000.0
MCRN,PoS,PoS,401421401.0,400000000.0
RAIN,X11,PoW/PoS,121665451.6,500000000.0
IMS,Scrypt,PoW/PoS,5368934.0,21212121.0
ARGUS,Scrypt,PoW/PoS,1148324.0,28600000.0
LMC,Scrypt,PoW/PoS,500000.0,1000000000.0
PROC,SHA-256,PoS,100545745.0,75000000000.0
XGR,X11,PoW/PoS,17171382.0,40000000.0
BENJI,Scrypt,PoW,20276099.15,35520400.0
GRW,Scrypt,PoS,295135466.4,2000000000.0
ILC,SHA-256,PoW,1317747500.0,2500000000.0
PHR,PoS,PoS,11390225.97,30000000.0
DEA,Scrypt,PoW/PoS,21358764.0,105000000.0
HTML5,X15,PoW/PoS,40659020000.0,90000000000.0
USC,SHA-256,PoS,10343113.0,200084200.0
EQT,Scrypt,PoW,13673406.43,72000000.0
QTUM,POS 3.0,PoS,100000000.0,100000000.0
QRL,CryptoNight-V7,PoW,69036016.83,105000000.0
ESP,536,PoW/PoS,22801882871.0,50000000000.0
DYN,Argon2d,PoW,19784224.65,0.0
NANO,Blake2b,PoW,133248297.0,340282367.0
CHAN,Cloverhash,PoW,18407259.09,30000000.0
DCY,CryptoNight,PoW,1809467143.0,2000000000.0
DNR,NIST5,PoW/PoS,4171382.0,10000000.0
DP,X11,PoW,35138975.0,100000000.0
VUC,NIST5,PoW/PoS,62942075.0,120000000.0
BTPL,Skein,PoW/PoS,6804362.0,100000000.0
UNIFY,Scrypt,PoW,18133195.0,19276800.0
BRIT,X13,PoW/PoS,21268092.0,30000000.0
SOCC,Scrypt,PoW,5167775.0,75000000.0
ARC,X11,PoW,26042364.37,60000000.0
DAS,X11,PoW,2622886.0,18900000.0
LINDA,Scrypt,PoW/PoS,9044930943.0,50000000000.0
XLC,CryptoNight,PoW,14161803.0,54000000.0
ONION,X13,PoW/PoS,21917018.05,18898187.62
BTX,Time Travel,PoW,17801865.16,21000000.0
GCN,Scrypt,PoW,163055000000.0,200000000000.0
SMART,Keccak,PoW,2241009149.0,5000000000.0
SIGT,SkunkHash v2 Raptor,PoS,107972766.0,137500000.0
ONX,X11,PoW,122475638.4,1100000000.0
CRM,Skein,PoW/PoS,47331802.48,100000000.0
BCH,SHA-256,PoW,17995589.65,21000000.0
XMCC,X11,PoW/PoS,12569262.54,9507271.0
DFT,Scrypt,PoS,18663297.35,17405891.2
VET,VeChainThor Authority,Proof of Authority,55454734800.0,86712634466.0
SOJ,Scrypt,PoW,485214.0,10500000000.0
STCN,PoS,PoS,4000000.0,61599965.0
NYC,Scrypt,PoW,143007000000.0,0.0
FRAZ,Scrypt,PoW,9704042.0,20000000.0
KRONE,Scrypt,PoW,17453749.4,84000000.0
ACC,Scrypt,PoW,32646731.06,100000000.0
LINX,Scrypt,PoW,33716526.0,100000000.0
XCXT,Scrypt,PoW/PoS,19539588.0,48252000.0
ETHD,Scrypt,PoW/PoS,4200000.0,4200000.0
SUMO,CryptoNight,PoW,8946653.0,88888888.0
ODN,SHA-512,PoS,25000000.0,91388946.0
ADA,Ouroboros,PoS,25927070538.0,45000000000.0
REC,X11,PoW/PoS,7262402.043,27000000.0
BTCZ,Equihash,PoW,5211553258.0,21000000000.0
TZC,NeoScrypt,PoW/PoS,182638400.0,400000000.0
ELM,X11,PoW,2702855669.0,1800000000.0
TER,Scrypt,PoW/PoS,1140734.917,15733333.0
VIVO,NeoScrypt,PoW,4165967.575,27000000.0
RUP,Lyra2REv2,PoS,24000000.0,24000000.0
BTG,Equihash,PoW,17202361.09,21000000.0
WOMEN,Scrypt,PoW/PoS,48459472454.0,25000000000.0
MAY,SHA-256,PoW/PoS,92050800.0,100000000.0
NAMO,NIST5,PoW/PoS,560563220.0,1200000000.0
LUX,PHI1612,PoW/PoS,8305775.318,60000000.0
PIRL,Dagger,PoW,33986980.0,156306732.7
XIOS,Scrypt,PoW/PoS,2149688.0,21000000.0
BTDX,Quark,PoW/PoS,30711550.53,200000000.0
EBST,Scrypt,PoW,99990001.49,100000000.0
KEK,POS 2.0,PoS,12330806.31,21000000.0
BLHC,Scrypt,PoW/PoS,16362544.99,14788275.99
XIN,SHA-256,PoS,8999999990.0,9000000000.0
PURA,X11,PoW,175215859.0,350000000.0
INN,NeoScrypt,PoW,6375259.04,45000000.0
ELLA,Ethash,PoW,12756367.0,280000000.0
GBX,NeoScrypt,PoW,5832306.875,31800000.0
MAG,X11,PoW/PoS,38198594.83,144000000.0
TAU,DPoS,DPoS,288090567.5,500000000.0
ECA,NIST5,PoW/PoS,28399150208.0,30000000000.0
BCD,X13,PoW/PoS,183534024.9,210000000.0
XSH,Multiple,PoW,481730566.6,660000000.0
CNBC,Scrypt,PoW/PoS,110976977.3,210000000.0
XUN,CryptoNight,PoW,19281821413.0,85000000000.0
COAL,CryptoNight,PoW,4500000.0,12500000.0
DAXX,Ethash,PoW,520891780.0,10000000000.0
BWK,NIST5,PoS,13247178.88,27716121.0
KLKS,Quark,PoS,16955764.9,20000000.0
AC3,X11,PoW,80316207.0,550000000.0
LTHN,CryptoNight-V7,PoW,441250233.4,999481516.0
GER,Scrypt,PoW/PoS,4911500269.0,50000000000.0
LTCU,Scrypt,PoW/PoS,8419402.321,150000000.0
POP,Scrypt,PoW,3964201249.0,4999999999.0
PNX,X11,PoW/PoS,45174214.11,50000000.0
PHO,BLAKE256,PoW,30089671531.0,90000000000.0
SUCR,X11,PoW,4229040.504,19800000.0
SPK,NeoScrypt,PoW,7847417.334,21000000.0
WAGE,Quark,PoS,27299680.0,120000000.0
GUN,NeoScrypt,PoW,299797953.0,500000000.0
IRL,Scrypt,PoW,45483049.34,64000000.0
TROLL,Scrypt,PoW/PoS,591022748.0,900000000.0
LCP,Scrypt,PoW/PoS,2504486.228,4000000.0
MONK,X11,PoS,4407252.0,21000000.0
PCOIN,X11,PoW,8478104.34,23000000.0
UBTC,SHA-256,PoW,20166000.0,20166000.0
ITZ,C11,PoW,11916588.09,23000000.0
TPAY,POS 3.0,PoS,20445861.53,25000000.0
MCT,Ethash,PoS,1618033.0,1618033.0
MBC,Scrypt,PoW and PoS,9399342.528,30000000.0
TRTL,CryptoNight,PoW,53139835214.0,1000000000000.0
MUN,SkunkHash,PoW,4818338.989,16600000.0
USX,Scrypt,PoW/PoS,234846265.8,232000000.0
NBR,CryptoNight,PoW,133932467.8,336000000.0
SSS,Scrypt,PoW,10000000000.0,10000000000.0
TRF,Dagger,PoW,107325266.0,100000000.0
KREDS,Lyra2REv2,PoW,643795911.5,1100000000.0
TOKC,X13,PoS,230298925.0,800000000.0
BBP,Proof-of-BibleHash,POBh,1772091550.0,5200000000.0
LCC,SHA-256 + Hive,PoW + Hive,638382332.2,840000000.0
FLIP,Scrypt,PoW,12446100.0,40000000.0
LOT,Scrypt,PoW,14491014421.0,18406979840.0
CIF,X11,PoW,211297638.5,500000000.0
SPD,C11,PoW/PoS,11251342.19,19340594.0
POA,Proof-of-Authority,PoA,204479039.0,252460800.0
PUSHI,X11,PoW/PoS,2167827.1,25000000.0
ELP,XEVAN,PoW/PoS,419275.38,60000000.0
VLX,Scrypt,PoS,25570013.13,124000000.0
ONT,VBFT,PoS,650848625.0,1000000000.0
CLO,Ethash,PoW,247612453.0,6500000000.0
TUBE,CryptoNight,PoW,80049082.91,1000000000.0
PSD,Scrypt,PoW,4070212.149,21000000.0
ADK,IMesh,PoW,25000000.0,25000000.0
BSX,NIST5,PoW/PoS,13787854.63,50000000.0
BRIA,Scrypt,PoW/PoS,845637.8135,3000000.0
IC,Scrypt,PoW/PoS,1182153.5,5000000.0
BTL,Equihash,PoW,71355477.0,70000000.0
MEDIC,Scrypt,PoS,267297676.3,500000000.0
ALPS,Lyra2Z,PoW,27340501.65,300000000.0
BITG,Green Protocol,PoS,9803691.362,21000000.0
DEV,PoS,PoS,21876586.85,88000000.0
ABJ,Scrypt,PoW/PoS,9880502.372,30000000.0
SEM,Semux BFT consensus,DPoS,1231147.0,100000000.0
FTO,X11,PoW,31801461.19,100000000.0
CARE,Quark,PoW/PoS,139739596.5,200000000.0
NZL,PoS,PoS,11075254.09,80000000.0
XMC,CryptoNight,PoW,16016864.0,18400000.0
PROTON,X16R,PoS,4403800.0,45000000.0
DEAL,Scrypt,PoW/PoS,1404157529.0,5121951220.0
JUMP,NIST5,PoW,21069346.25,21000000.0
INFX,Lyra2RE,PoW,5097689.711,26280000.0
XBI,XEVAN,PoS/PoW,10904963.09,21000000.0
KEC,Tribus,PoW,795447.0,18000000.0
HWC,Scrypt,PoS,38706809.47,26000000.0
GIN,Lyra2Z,PoW,6986399.704,10500000.0
PLTC,CryptoNight,PoW,84300.0,600000518.0
LOKI,CryptoNight Heavy,PoW,19153632.0,150000000.0
NCP,CryptoNight,PoW,41294520017.0,184000000000.0
SIC,Scrypt,PoW/PoS,10200000000.0,10200000000.0
XT3,Scrypt,PoS,7630000.015,44000000.0
MGD,Jump Consistent Hash,PoW,135862416.0,168000000.0
VIG,SHA-256D,PoW/PoS,33238183.72,100000000.0
PLURA,CryptoNight,PoW,560085952.4,1000000000.0
EMAR,Scrypt,PoW/PoS,21599339.67,84000000.0
DKD,X15,PoS,30284196.37,90000000.0
LYNX,Scrypt,HPoW,77872059788.0,92000000000.0
POSQ,Quark,PoS,2716264.953,650000000.0
BWS,SHA-256,PoS,57811001.0,100262205.0
MUSE,DPoS,PoS,18194936.0,18081806.0
XMN,X16R,PoW,8125865.021,22075700.0
PLUS1,HMQ1725,PoW,8645406.168,21000000.0
AXE,X11,PoW,4993030.697,21000000.0
TRVC,X16R,PoW/PoS,36923120.62,82546564.0
DTEM,Quark,PoS,7082392.247,21000000.0
GIC,Quark,PoW/PoS,5919489.768,5151000.0
PNY,Scrypt,PoS,1042012.452,16880000000.0
ABS,Lyra2REv2,PoW/PoS,13332617.94,52500000.0
VITAE,Quark,PoS,66053877.63,100000000.0
HEX,Scrypt,PoW,1416663.066,22105263.0
TPC,Scrypt,PoW/PoS,5403802.496,1000000000.0
WEBC,CryptoNight-V7,PoW,15580199.31,1750000000.0
RYO,Cryptonight-GPU,PoW,4890897.0,88188888.0
URALS,XEVAN,PoW,14746153.1,210000000.0
QWC,CryptoNight Heavy,PoW,99553110529.0,184470000000.0
ARE,X11,PoS,19269509.94,55000000.0
EUNO,X11,PoW/PoS,30771125.98,50000000.0
MMO,Scrypt,PoS,107763867.9,260000000.0
KETAN,PoS,PoS,9327131.597,210000000.0
PPAI,SHA-256,PoW,2100000000.0,2100000000.0
XDNA,Keccak,PoW/PoS,4672513.844,366000000.0
PAXEX,X11,PoS,4504639.0,100000000.0
AZART,X11,PoW,5015881.373,25000000.0
TSC,Scrypt,PoW/PoS,1059954080.0,18000000000.0
KCASH,SHA-512,Zero-Knowledge Proof,1000000000.0,1000000000.0
XCG,X16R,PoW,9753753.615,100000000.0
AAC,ECC 256K1,DPOS,1000000000.0,1000000000.0
CRYP,Equihash,PoW,4235111504.0,7600000000.0
BTXC,XEVAN,PoS,6787405.18,50000000.0
ACM,Lyra2Z,PoW,13634850.0,84000000.0
BSV,SHA-256,PoW,17992514.65,21000000.0
BITM,XEVAN,Pos,208515864.4,70000000000.0
JMC,X11,PoS,17209923728.0,0.0
FRED,CryptoNight,PoW,1867054873.0,8080000000.0
HERB,Quark,PoW/PoS,35312185.74,54000000.0
UMO,Blake,PoW,1578281.313,105120001.4
LIT,Blake,PoW,15846721.25,25228800.0
PIRATE,Equihash,PoS,13475920.0,105000000.0
EXO,Exosis,PoW,406091.925,21000000.0
BLTG,Scrypt,PoW,35284717.17,120000000.0
OWC,Scrypt,PoW/PoS,14777549.39,21000000.0
BEAM,Equihash,PoW,35687520.0,262800000.0
GALI,Quark,PoW/PoS,18265011.25,19035999.0
BTH,Equihash,PoW,25150787.5,30886000.0
CSPN,Quark,PoS,1934701.675,13370000.0
CREDIT,Scrypt,PoW/PoS,30825710000.0,74800000000.0
SLC,QuBit,PoW,12925790.42,100000000.0
DASHP,X11,PoS,715659.4424,19700000.0
NSD,Scrypt,PoW/PoS,20546528.21,84000000.0
BEET,XEVAN,PoW/PoS,198938144.4,500000000.0
TTN,SHA-256D,PoW/PoS,896361168.0,5000000000.0
AWR,X11,PoW/PoS,15420234.54,420000000.0
BLAST,SHA-256,PoW,52293836.63,64000000.0
XRC,X13,PoW,1170292.5,2100000.0
GLT,SHA-256,PoW,84613100.0,168000000.0
INSN,X11,PoW/PoS,23775960.32,30000000.0
ALX,DPoS,DPoS,1000000000.0,1000000000.0
LDOGE,Scrypt,PoW/PoS,15318887081.0,35000000000.0
SLR,Scrypt,PoW,55565076.39,98100000000.0
TRK,X11,PoW/PoS,242574105.2,0.0
UFO,NeoScrypt,PoW,3824685012.0,4000000000.0
OC,Scrypt,PoW/PoS,3537150.0,200000000.0
BLC,Blake,PoW,23356790.15,7000000000.0
BITS,Scrypt,PoW/PoS,20576532.0,54256119.0
NEOS,SHA-256,PoS,4392258.246,21000000.0
HYPER,Scrypt,PoW/PoS,9631199.993,0.0
PINK,X11,PoW/PoS,436353624.5,500000000.0
CESC,Scrypt,PoW,780210700.0,1000000000.0
ADC,Scrypt,PoW/PoS,980732529.0,10500000000.0
NKA,SHA-256,PoW/PoS,17939725045.0,190000000.0
PIGGY,X11,PoW/PoS,494240666.0,1000000000.0
CRW,SHA-256,PoW,22986929.09,42000000.0
GEN,Scrypt,PoW/PoS,60000000.0,15000000.0
SMLY,Scrypt,PoW,29583989323.0,50000000000.0
MI,Scrypt,PoW/PoS,404316475.5,400000000.0
GRS,Groestl,PoW,73298203.89,105000000.0
CPC,X11,PoW/PoS,201364327.4,208000000.0
CLUB,Scrypt,PoW/PoS,103621876.2,160000000.0
RADS,PoS,PoS,3821245.742,9000000.0
BTA,Scrypt,PoW,5052555.92,5000000.0
PAK,Scrypt,PoW,69684455.44,182000000.0
CRB,X11,Proof of Trust,16901016.66,16504333.0
OK,SHA-256,PoW/PoS,74676064.95,105000000.0
LSK,DPoS,DPoS,120012140.0,159918400.0
XHI,Scrypt,PoS,10000244678.0,10008835635.0
XWC,Scrypt,PoW/PoS,252005564.2,300000000.0
FSC,NeoScrypt,PoW/PoS,1120385.005,60168145.0
J,Multiple,PoW,3332922.5,2800000.0
TRI,X13,PoW/PoS,140777.7534,120000.0
VOLLAR,Equihash+Scrypt,PoW,100000000.0,2100000000.0
EOS,DPoS,DPoS,1020544523.0,0.0
RCC,Ethash,PoW,24487944.1,24487944.0
OXY,DPoS,DPoS,1122382283.0,0.0
TCH,SHA-256,PoS,1000000000.0,1000000000.0
WAVES,Leased POS,LPoS,100000000.0,100000000.0
PART,PoS,PoS,9283137.556,8634140.0
BTT,TRC10,DPoS,989989000000.0,990000000000.0
NXT,PoS,PoS/LPoS,1000000000.0,1000000000.0
ZEPH,SHA-256,DPoS,1999999995.0,2000000000.0
GAP,Scrypt,PoW/PoS,14931046.15,250000000.0
BDX,CryptoNight,PoW,980222595.0,1400222610.0
ZEN,Equihash,PoW,7296537.5,21000000.0
XBC,Scrypt,PoS,128326.9963,1000000.0
