Unnamed: 0,Algorithm,ProofType,TotalCoinsMined,TotalCoinSupply,PC 1,PC 2,PC 3,class,CoinName
42,Scrypt,PoW/PoS,41.99995383,42.0,-0.33067207912813334,1.0030127752294593,-0.5858929718803808,0,42 Coin
404,Scrypt,PoW/PoS,1055184902.0,532000000.0,-0.3140171403923017,1.0032021369228565,-0.5863717448000901,0,404Coin
1337,X13,PoW/PoS,29279424623.0,314159000000.0,2.295412061978316,1.6603835808178842,-0.7101577525576449,0,EliteCoin
BTC,SHA-256,PoW,17927175.0,21000000.0,-0.14683273262917046,-1.2943156590781015,0.2035043864964181,3,Bitcoin
ETH,Ethash,PoW,107684222.7,0.0,-0.15707700466305444,-2.006398428852158,0.41925986782395713,3,Ethereum
LTC,Scrypt,PoW,63039243.3,84000000.0,-0.1640913474463487,-1.1359950990786007,-0.00243599804851314,3,Litecoin
DASH,X11,PoW/PoS,9031294.376,22000000.0,-0.3967190168493545,1.230483523421617,-0.5205425923842926,0,Dash
XMR,CryptoNight-V7,PoW,17201143.14,0.0,-0.14588479243596475,-2.2470292128736182,0.4582395305429918,3,Monero
ETC,Ethash,PoW,113359703.0,210000000.0,-0.15552049436030949,-2.0064972241096095,0.41923922875075964,3,Ethereum Classic
ZEC,Equihash,PoW,7383056.25,21000000.0,-0.14442387988949074,-2.0126263200979335,0.38594989195149354,3,ZCash
BTS,SHA-512,PoS,2741570000.0,3600570502.0,-0.18103535470240928,1.230548608644875,0.16373926696452923,0,Bitshares
DGB,Multiple,PoW,11406219141.0,21000000000.0,0.15098409775443122,-1.8210091223148488,0.36937140341404606,3,DigiByte
BTCD,SHA-256,PoW/PoS,1288862.0,22000000.0,-0.31224479329166865,0.8446708563434018,-0.3799790134251379,0,BitcoinDark
XPY,SHA-256,PoS,11995334.88,12500000.0,-0.2731471776046825,0.6744997879707944,-0.08561252785568041,0,PayCoin
PRC,Scrypt,PoW,5768310.0,21000000.0,-0.16523697762241976,-1.1359889328737462,-0.002407036333110902,3,ProsperCoin
KOBO,X15,PoW/PoS,25542535.59,350000000.0,-0.23904509995683296,1.8979149736060181,-0.6496750440082861,0,KoboCoin
SPR,X11,PoW,11149734.0,20000000.0,-0.23149137490997818,-0.908508643410252,0.06294684449405887,3,Spreadcoin
ARG,Scrypt,PoW,12205795.44,64000000.0,-0.16485383354860886,-1.1360069340343462,-0.002413424093357644,3,Argentum
AUR,Scrypt,PoW/PoS,18135099.99,16768584.0,-0.33033183593054866,1.0030123553342347,-0.5859018653428657,0,Aurora Coin
BLU,Scrypt,PoW/PoS,635423900.0,0.0,-0.322911401204668,1.003281182026761,-0.5861533469447244,0,BlueCoin
XMY,Multiple,PoW,1688254250.0,2000000000.0,-0.10226077819895832,-1.8159585256806794,0.37501042624180675,3,MyriadCoin
MOON,Scrypt,PoW,88.0,384000000000.0,2.5539833211503598,-1.3210191723790479,-0.0358903011205048,3,MoonCoin
ZET,SHA-256,PoW,170204389.8,169795588.0,-0.143919160349119,-1.2943230363552842,0.20342901247121523,3,ZetaCoin
SXC,Scrypt,PoW,128940951.2,250000000.0,-0.1621108732877967,-1.136047252161154,-0.0024774786749924556,3,SexCoin
QTL,Scrypt,PoW,7357794.793,100000000.0,-0.16465809661219544,-1.136026329163559,-0.0024145769970639265,3,Quatloo
ENRG,Scrypt,PoW/PoS,123062801.1,0.0,-0.32916906618121594,1.0030647576833616,-0.5859433988065058,0,EnergyCoin
QRK,Quark,PoW,259557164.9,247000000.0,-0.2332959261584779,-0.4257766123124148,0.041577171513372715,3,QuarkCoin
RIC,Groestl,PoW,49548585.14,84000000.0,-0.19931934160399334,-1.251620461148794,0.1641920194259077,3,Riecoin
DGC,Scrypt,PoW,33442988.34,48166000.0,-0.16470658985519085,-1.1359903333960104,-0.0024207455376480534,3,Digitalcoin 
BTB,Scrypt,PoW/PoS,42579.4769,500000.0,-0.3306680189620446,1.0030125522829842,-0.5858930329105971,0,BitBar
CAT,Scrypt,PoW,7219956.646,21000000.0,-0.16521924809846797,-1.1359883196896603,-0.0024076311684943577,3,Catcoin
CBX,Scrypt,PoW/PoS,1039116.651,1000000.0,-0.33065230692991926,1.003012732291357,-0.5858934848610734,0,CryptoBullion
CCN,Scrypt,PoW,4703879.518,13140000.0,-0.1653056414516646,-1.1359855950004751,-0.0024059147192892335,3,CannaCoin
CRYPT,X11,PoW,4996986.206,18000000.0,-0.2315806845542355,-0.9085102786279504,0.06294954009452626,3,CryptCoin
CSC,Scrypt,PoC,39999997300.0,40000000000.0,0.7544428532692659,0.07793568024477085,-0.1871110423141961,0,CasinoCoin
DMD,Groestl,PoW/PoS,3304487.747,4380000.0,-0.3656639298536606,0.8873923969414326,-0.41927221843053697,0,Diamond
XVG,Multiple,PoW,15929530669.0,16555000000.0,0.17475012898048833,-1.8169565385821216,0.3679055391055919,3,Verge
DVC,SHA-256,PoW,18773857500.0,21000000000.0,0.2308113511854277,-1.2965021858418324,0.19398933056704787,3,DevCoin
EAC,Scrypt,PoW,12539015187.0,13500000000.0,0.0832930057715217,-1.1371899358274824,-0.008718196449282616,3,EarthCoin
EFL,Scrypt,PoW,20910478.81,21000000.0,-0.16505204043723018,-1.1359825367325296,-0.0024132410784692424,3,E-Gulden
EMC2,Scrypt,PoW,218871896.5,299792458.0,-0.16065988785120308,-1.1360332582718988,-0.0025186715624653214,3,Einsteinium
EMD,Scrypt,PoW,19496786.31,32000000.0,-0.16499140580271446,-1.135988434450042,-0.002413621071593884,3,Emerald
EXCL,PoS,PoS,5679705.0,0.0,-0.3674928623215918,1.6448133537871232,-0.14697976863742476,0,Exclusive Coin
FLT,Scrypt,PoS/PoW/PoT,461829905.3,0.0,-0.2791824370963865,0.2772966987001362,-0.3169444697249633,0,FlutterCoin
FRK,Scrypt,PoW,1142732.149,11235813.0,-0.16536262033843116,-1.1359861816802739,-0.0024042894240187485,3,Franko
FTC,NeoScrypt,PoW,208669093.0,336000000.0,-0.17700603737824316,-1.6294944434159155,0.25643527382769,3,FeatherCoin
GDC,Scrypt,PoW,884125802.0,1420609614.0,-0.14459739823865872,-1.136292338809704,-0.002889012987833773,3,GrandCoin
GLC,Scrypt,PoW,65672720.47,70000000.0,-0.16415832999806437,-1.1359872405080975,-0.002435856260848434,3,GlobalCoin
GLD,Scrypt,PoW,41658648.0,72245700.0,-0.16443571942275606,-1.1359984663281666,-0.0024262119519528258,3,GoldCoin
HBN,Scrypt,PoW/PoS,89266933.68,120000000.0,-0.3287320033944204,1.0029926577593773,-0.5859400152415776,0,HoboNickels
HYP,X11,PoS,1678520091.0,0.0,-0.3374505721974843,1.0610191578343007,-0.22685472926171907,0,HyperStake
IFC,Scrypt,PoW,90595753019.0,90600000000.0,1.5826426986658684,-1.1413704557304174,-0.04742684469097951,3,Infinite Coin
IOC,X11,PoW/PoS,17650913.97,22000000.0,-0.3966137420895028,1.2304871643996695,-0.5205461244110041,0,IOCoin
IXC,SHA-256,PoW,21089349.0,21000000.0,-0.1467941117706937,-1.2943143233571965,0.2035030907451493,3,IXcoin
KGC,Scrypt,PoW,151447649.8,265420800.0,-0.1617267820850784,-1.1360451760137749,-0.00248804595455101,3,KrugerCoin
LKY,Scrypt,PoW,19326319.14,20000000.0,-0.16507847026779346,-1.1359827240213085,-0.0024125047368330236,3,LuckyCoin
LTB,Scrypt,PoW,1104344.229,1350000.0,-0.16543309926323313,-1.1359814342229086,-0.0024034115825887006,3,Litebar 
MAX,SHA3,PoW/PoS,61445805.0,100000000.0,-0.40336317985606834,1.9922027074981608,-0.6533939187699254,0,MaxCoin
MEC,Scrypt,PoW,38151999.99,42000000.0,-0.16469274370078346,-1.13598537307389,-0.0024221374124250264,3,MegaCoin
MED,HybridScryptHash256,PoW,40431856.9,200000000.0,-0.1698507857687969,-2.261470887268619,0.4368587265160079,3,MediterraneanCoin
MINT,Scrypt,PoS,21293925445.0,0.0,-0.03156697195120764,0.841827286042954,-0.30024845343734013,0,MintCoin
MINC,Scrypt,PoW,5804204.888,10000000.0,-0.1653144398339706,-1.1359836171460536,-0.0024060917654233033,3,MinCoin
MZC,SHA-256,PoW/PoS,1613836100.0,2419200000.0,-0.2755734605284856,0.8441968680073846,-0.380848832838312,0,MazaCoin
NAUT,Scrypt,PoS,16180000.0,16180000.0,-0.2913257514258502,0.8328316444983674,-0.2915309686290293,0,Nautilus Coin
NAV,X13,PoW/PoS,66087096.21,0.0,-0.2862161011484465,1.7994273633868072,-0.6707902804192447,0,NavCoin
NOBL,Scrypt,PoW,2366066306.0,15000000000.0,-0.03033035717576118,-1.1422098536859402,-0.004680478661556415,3,NobleCoin
NMC,SHA-256,PoW,14736400.0,21000000.0,-0.1468717028027616,-1.2943170068802412,0.20350569396740345,3,Namecoin
NYAN,Scrypt,PoW,334709223.5,337000000.0,-0.1589816225037586,-1.1360022570862534,-0.00256938251149512,3,NyanCoin
OPAL,X13,PoW/PoS,15156364.33,0.0,-0.28683813794593105,1.799405849945936,-0.6707694107389369,0,OpalCoin
ORB,NeoScrypt,PoW/PoS,3220616.279,3770000.0,-0.34708400260222055,0.5095728908844885,-0.3269416981515286,0,Orbitcoin
POT,Scrypt,PoW/PoS,222677226.0,420000000.0,-0.3249780496262988,1.0029044501752211,-0.5860208443161888,0,PotCoin
PXC,Scrypt,PoW/PoS,73959274.63,98000000.0,-0.32907476299564814,1.0029967928450712,-0.5859318241315701,0,PhoenixCoin
RDD,Scrypt,PoW/PoS,29315567169.0,0.0,0.02737032088959408,1.0153958433250627,-0.597905493421317,0,Reddcoin
RPC,Scrypt,PoW,1104157.422,21000000.0,-0.16529394272827053,-1.1359909030392434,-0.0024051251221462277,3,RonPaulCoin
SBC,Scrypt,PoW,24215181.73,250000000.0,-0.1633899297601976,-1.1360914889424851,-0.002434565619393355,3,StableCoin
SMC,Scrypt,PoW,25593737.14,51200000.0,-0.16478096940228115,-1.1359951109582431,-0.0024177937674994174,3,SmartCoin
SUPER,X11,PoS,50707661.75,0.0,-0.3573316772399562,1.0603315602845749,-0.22618770713684566,0,SuperCoin
SYNC,X11,PoW/PoS,1177.0,1000.0,-0.39698509931558396,1.230490309695998,-0.5205369736843936,0,SyncCoin
SYS,SHA-256,PoW,563336541.3,888000000.0,-0.13403145191194543,-1.2945030558858643,0.20320528789791353,3,SysCoin
TES,Multiple,PoS,80260463.73,100000000.0,-0.26153719151193,0.15309165730198296,0.08671493424448633,0,TeslaCoin
TGC,SHA-256,PoW,43536800.0,47011968.0,-0.14633573886871434,-1.2943173757981248,0.20349162412003186,3,TigerCoin
TIT,PHI1612,PoS,1622326490.0,2300000000.0,-0.3175496734638415,1.691503961947778,-0.33638196414577254,0,TittieCoin
TOR,X11,PoW/PoS,1431851.0,10000000.0,-0.3968968142844351,1.2304860958070922,-0.5205384319079579,0,TorCoin
TRC,SHA-256,PoW,22935396.0,42000000.0,-0.14662284593624256,-1.294323662837452,0.2035005029524705,3,TerraCoin
UNB,SHA-256,PoW,2278150.0,80000000.0,-0.14660602970254047,-1.2943506996241179,0.20350565372553042,3,UnbreakableCoin
UNO,SHA-256,PoW,200911.7915,250000.0,-0.1471961792397628,-1.294313147962026,0.20351345965942566,3,Unobtanium
URO,X11,PoW,1207310.0,0.0,-0.23175444306576845,-0.9085032057568773,0.06295266269951565,3,UroCoin
USDE,Scrypt,PoW/PoS,1098952593.0,1600000000.0,-0.30591914757404737,1.002705987931883,-0.5864828163075055,0,UnitaryStatus Dollar
UTC,Scrypt,PoW/PoS,50235211.14,100000000.0,-0.3293503504444456,1.0029858079218594,-0.5859222772317415,0,UltraCoin
VIA,Scrypt,PoW,23150892.17,23000000.0,-0.1650105136520087,-1.13598255410792,-0.0024143335374563345,3,ViaCoin
VRC,Scrypt,PoST,32021108.41,0.0,-0.29713186592670554,0.2271465191937114,-0.3783232040680005,0,VeriCoin
VTC,Lyra2REv2,PoW,51173723.82,84000000.0,-0.19841013653181264,-1.2715236319885506,0.2311073226680224,3,Vertcoin
WDC,Scrypt,PoW,119606941.0,265420800.0,-0.16211566502079297,-1.1360586257165535,-0.002474998715901431,3,WorldCoin
XC,X11,PoW/PoS,6950831.097,5500000.0,-0.39686127726955034,1.230490595469916,-0.5205403009669737,0,X11 Coin
XCR,Multiple,PoS,100000000.0,0.0,-0.26200429225482663,0.15314818235718564,0.08671556634707552,0,Crypti
XJO,SHA-256,PoW,39195739.36,45000000.0,-0.14640300643040713,-1.2943182399814928,0.20349357839646345,3,JouleCoin
XST,X13,PoW/PoS,33093725.41,0.0,-0.286619061992579,1.7994134267928172,-0.6707767608589427,0,StealthCoin
ZCC,Scrypt,PoW/PoS,147990238.0,1000000000.0,-0.3217827441049596,1.0025934175902496,-0.586040820148092,0,ZCC Coin
BCN,CryptoNight,PoW,184067000000.0,184467000000.0,3.847363556127733,-2.322665977512833,0.3592525831056499,3,ByteCoin
XDN,CryptoNight,PoW,6906587610.0,10000000000.0,0.44808143009566187,-2.3134292366769738,0.4470616206270179,3,DigitalNote 
BURST,Shabal256,PoC,1813033920.0,2158812800.0,0.23574961720992782,-0.12415184791334821,0.21588015057966267,3,BurstCoin
SJCX,Counterparty,PoS,51173144.0,500000000.0,-0.35438337621363875,1.575130933973295,-0.03239192877908441,0,StorjCoin
MONA,Scrypt,PoW,68194674.87,105120000.0,-0.16387881298875465,-1.1360030984796883,-0.0024399523791742562,3,MonaCoin
NTRN,SHA-256,PoW/PoS,39121694.0,68000000.0,-0.3114569600432087,0.8446646711531823,-0.37999852755052693,0,Neutron
FAIR,Groestl,PoW/PoS,53193831.0,0.0,-0.36508563054612597,0.88741558108242,-0.41929227941889524,0,FairCoin
NLG,Scrypt,PoW,415032420.0,1680000000.0,-0.1484896478638573,-1.1366154789535887,-0.002719415125534914,3,Gulden
RBY,Scrypt,PoS,27184490.39,0.0,-0.29130593402833516,0.8328440895098216,-0.2915340668865425,0,RubyCoin
PTC,Scrypt,PoW,137517654.4,166386000.0,-0.1625982664628564,-1.1360033382674217,-0.002473701396076254,3,PesetaCoin
KORE,X13,PoW/PoS,2022464.887,12000000.0,-0.286913564874457,1.7993945196744487,-0.6707650753971236,0,Kore
WBB,Scrypt,PoW,181919.2436,2628000.0,-0.16543531456314553,-1.1359824396899856,-0.0024031450546798676,3,Wild Beast Coin
NOTE,Scrypt,PoS,174646113.9,500000000.0,-0.28596399117555515,0.8326654433728199,-0.291638095103675,0,Dnotes
FLO,Scrypt,PoW,152270664.9,160000000.0,-0.16246330706405746,-1.135994029289769,-0.0024791897741735553,3,Flo
8BIT,Scrypt,PoW/PoS,1467841.0,0.0,-0.3306541526266469,1.003013395256634,-0.5858935733307923,0,8BIT Coin
STV,X13,PoW/PoS,7096834.0,10000000.0,-0.2868657533820639,1.7993976268570029,-0.6707669802870082,0,Sativa Coin
ABY,Scrypt,PoW,792537250.0,1000000000.0,-0.14869470890186412,-1.1361283473711705,-0.0028148030451112236,3,ArtByte
FLDC,Stanford Folding,PoW,719416990.0,1000000000.0,-0.12988272625425698,-2.0981183804458947,0.3520848776684161,3,Folding Coin
U,X11,PoS,2689812.0,20000000.0,-0.3577765004050629,1.0603016398704748,-0.22616977519501247,0,Ucoin
UIS,Multiple,PoW,65113302.0,0.0,-0.13624857585502256,-1.8156804107909224,0.37584994800556015,3,Unitus
CYP,QuBit,PoW,6365285.0,0.0,-0.1906399325009365,-1.605074146644059,0.2213690393867548,3,CypherPunkCoin
OMC,Scrypt,PoW,10140044.44,3371337.0,-0.16530842789613648,-1.1359785915107943,-0.0024072903795586535,3,OmniCron
VTR,Scrypt,PoW/PoS,11604722.0,20000000.0,-0.3303887094920362,1.00300803974304,-0.5858994712181084,0,Vtorrent
GRE,Scrypt,PoW,4610340641.0,10000000000.0,-0.03832953166379841,-1.138852511053595,-0.005164071259626873,3,GreenCoin
XCN,M7 POW,PoW,708506520.0,1840000000.0,-0.10869632650033914,-2.0725871576197865,0.4871186800188448,3,Cryptonite
MSC,Scrypt,PoW,619478.0,619478.0,-0.1654441945871672,-1.1359812870169208,-0.002403149194334042,3,MasterCoin
SOON,SHA-256,PoW,12462620.0,21000000.0,-0.1468994733604814,-1.294317967338294,0.20350662568505085,3,SoonCoin
1CR,Scrypt,PoW,88213.0,92000000000.0,0.4860773022607842,-1.1803132151210902,-0.010425914709948973,3,1Credit
ISL,X11,PoW/PoS,1513704.0,0.0,-0.3969666333181112,1.2304909490781732,-0.5205375933792664,0,IslaCoin
NXS,SHA3,PoW/nPoS,63657220.0,78000000.0,-0.3882098953272983,2.18951479341681,-0.49184670057238816,0,Nexus
MARS,X11,PoW,32221574.82,33000000.0,-0.23114195198191864,-0.9085060068453418,0.06293707628090543,3,MarsCoin 
CTO,Lyra2RE,PoW,13742738.0,65789100.0,-0.15912001947790416,-2.1892987931126773,0.43128926236545473,3,Crypto
ACP,SHA-256,PoW,14747200.0,53760000.0,-0.1466395687185854,-1.294332788365998,0.20350283264302083,3,Anarchists Prime
DRZ,QUAIT,PoW/PoS,8568038.359,5060000.0,-0.4150858922356363,1.8703146761924856,-0.648230584823902,0,Droidz
BSC,X11,PoW,15863837.5,21000000.0,-0.23142671786051466,-0.9085071340147806,0.0629448256079801,3,BowsCoin
SQL,X11,PoS/PoW,329200.0164,0.0,-0.3443475550959471,0.7694736364297334,-0.27624510815374215,0,Squall Coin
SONG,Scrypt,PoW,32565300.0,210240000.0,-0.16356952181950324,-1.136068802668523,-0.0024345198662378276,3,Song Coin
ZNY,Scrypt,PoW,75614500.0,250000000.0,-0.1627621699352476,-1.1360697775679647,-0.0024556273104539986,3,BitZeny
DIGS,Scrypt,PoS,100000000.0,100000000.0,-0.2897084225843734,0.8328266602506814,-0.2915726248964793,0,Diggits
EXP,Ethash,PoW,10495278.0,16906397.0,-0.15814428200226385,-2.006447628712938,0.41929821819038565,3,Expanse
CON,X13,PoW/PoS,23042604.0,50000000.0,-0.2863877265590716,1.7993850876605249,-0.6707770025978386,0,Paycon
SC,Blake2b,PoW,33098296530.0,0.0,0.355753088851922,-2.2259277748320727,0.41955506918061086,3,Siacoin
EMC,SHA-256,PoW/PoS,43059794.8,1000000000.0,-0.3048085562815941,0.8442172321730431,-0.38008141810563134,0,Emercoin
EGC,X15,PoW/PoS,13530556.42,26298000.0,-0.24148422357344493,1.8980658818250755,-0.6496418928515918,0,EverGreenCoin
MND,X11,PoW,15867695.0,16000000.0,-0.2314620801154383,-0.9085047230374039,0.06294526006194018,3,MindCoin
I0C,SHA-256,PoW,20997476.87,21000000.0,-0.14679523384067805,-1.294314362164525,0.203503128391221,3,I0coin
DCR,BLAKE256,PoW/PoS,10365046.93,21000000.0,-0.08437181330708451,0.8529088065766454,-0.45409224098675594,0,Decred
RVR,Scrypt,PoW,210000000.0,210000000.0,-0.16140414260584918,-1.1359937375583455,-0.002507205636987483,3,Revolution VR
HODL,1GB AES Pattern Search,PoW,11448949.0,81962100.0,-0.1596625097969048,-2.292942943146953,0.38605691541811643,3,HOdlcoin
EDRC,SHA-256,PoW/PoS,3669691.845,22000000.0,-0.3122157152926398,0.8446718620199396,-0.3799799890081679,0,EDRCoin
HTC,X11,PoW/PoS,10996318099.0,26550000000.0,-0.07465907510705308,1.2223415815665164,-0.5273582338684388,0,Hitcoin
GAME,Scrypt,PoW,69836100.0,84000000.0,-0.16400833479723498,-1.1359922280463308,-0.0024387831690338975,3,Gamecredits
DBIC,SHA-256,PoW/PoS,5129014.0,10500000.0,-0.31227933357127446,0.8446780199464815,-0.3799795841090596,0,DubaiCoin
DIEM,SHA-256,PoW,21739971929.0,21626280000.0,0.27147289382665196,-1.2955510669378565,0.19271930188285655,3,CarpeDiemCoin
PWR,NIST5,PoW/PoS,10069449032.0,0.0,-0.23968170195656077,1.508106774606215,-0.5624595067305543,0,PWR Coin
BLRY,Scrypt,PoW/PoS,8998743.241,42000000.0,-0.33026473610264345,1.0029963378313151,-0.5859003219290987,0,BillaryCoin
GPU,Scrypt,PoS,40477042.0,221052632.0,-0.2895781201341525,0.8327431858208841,-0.29155879104234955,0,GPU Coin
ADZ,X11,PoW,45110324.0,84000000.0,-0.23062336113104936,-0.9085251379108852,0.06292734735695925,3,Adzcoin
SOIL,Dagger,PoW,5702048.0,30000000.0,-0.15624744350860045,-2.161480531213345,0.4110278173296147,3,SoilCoin
YOC,Scrypt,PoW,636462.5598,168351300.0,-0.16425613158374955,-1.1360621047066983,-0.0024177835306917477,3,YoCoin
SIB,X11GOST,PoW,17263355.0,24000000.0,-0.14336088243136902,-2.126851052457122,0.4410893909850644,3,SibCoin
ERC,X11,PoW/PoS,10407269.79,384000000.0,-0.39413857327937996,1.2303096678504655,-0.5205747251195558,0,EuropeCoin
ZEIT,Scrypt,PoS,36971236047.0,99000000000.0,0.8610115954166768,0.800744384975168,-0.3153059674044277,0,ZeitCoin
SWING,SHA-256,PoW/PoS,4377081.61,40000000.0,-0.3120796019418166,0.8446634871729348,-0.37998184859709094,0,SwingCoin
SAFEX,Scrypt,PoC,2147483647.0,2147483647.0,0.024068674599240187,0.08018653222076798,-0.16829936906062903,0,SafeExchangeCoin
NEBU,PoS,PoS,20000000.0,20000000.0,-0.36717632552798457,1.644809765372222,-0.1469873807454004,0,Nebuchadnezzar
FRN,Scrypt,PoW,6570807.657,20000000.0,-0.16523425828065494,-1.1359881120244244,-0.002407277962408401,3,Francs
BOLI,X11,PoW,13654082.5,25000000.0,-0.23142537896160315,-0.9085099949066533,0.06294538226265614,3,BolivarCoin
XRA,X11,PoW/PoS,134554941.2,75000000.0,-0.3948106085264987,1.2305110062605225,-0.5205986496692029,0,Ratecoin
REV,SHA-256,PoW/PoS,1195525.0,222725000.0,-0.31082442417157297,0.8445740936440211,-0.37999647978912254,0,Revenu
CKC,SHA-256,PoW/PoS,16662820.0,525000000.0,-0.30849484274745037,0.8444349699903912,-0.38002917823381704,0,Clockcoin
VIP,NIST5,PoW/PoS,83450403.0,90000000.0,-0.3610072107057219,1.5038452617551057,-0.5583754330262688,0,VIP Tokens
BSD,X11,PoW/PoS,24387724.5,139000000.0,-0.39570288359477074,1.2304336313261521,-0.5205590881370409,0,BitSend
OMNI,Scrypt,PoW,616448.0,616448.0,-0.16544425305181037,-1.1359812868367454,-0.0024031476885061965,3,Omni
LIR,POS 3.0,PoS,38589808.67,33500000.0,-0.363892571766267,1.5863385089320112,-0.13258082484779957,0,Let it Ride
PUT,Scrypt,PoW/PoS,813092338.6,2000000000.0,-0.3065777203737389,1.002392491042486,-0.5864005632761435,0,PutinCoin
IBANK,Scrypt,PoW/PoS,4526324.0,44333333.0,-0.33030283512542236,1.0029933242928937,-0.5858986927667289,0,iBankCoin
FRWC,Scrypt,PoW/PoS,100000000.0,100000000.0,-0.328742553761631,1.003006828861538,-0.5859426691482871,0,Frankywillcoin
MUDRA,X13,PoS,5000000.0,200000000.0,-0.2465116756657459,1.6291250173091858,-0.37641264614002495,0,MudraCoin
PIZZA,X11,PoW,1377917.0,25000000.0,-0.23157531253591346,-0.9085151804312054,0.06295041261741324,3,PizzaCoin
LC,X11,PoS,657000000.0,657000000.0,-0.3452740026131297,1.0602710734161822,-0.22649344005032485,0,Lutetium Coin
KMD,Equihash,dPoW/PoW,115898131.0,200000000.0,-0.2191116627138668,-1.364410422283476,0.3502693601137005,3,Komodo
GB,X11,PoW/PoS,15563873.0,50000000.0,-0.39644093946978237,1.2304727904727861,-0.5205477110065955,0,GoldBlocks
CTC,Scrypt,PoW/PoS,43165500.0,90000000.0,-0.32950751430688086,1.0029876403301605,-0.5859185082354956,0,CarterCoin
KRB,CryptoNight,PoW,7822432.724,10000000.0,0.29307621579258114,-2.3115294384911427,0.4507596969667665,3,Karbo
BXT,SHA-256,PoW/PoS,595429.0,21000000.0,-0.31226034433167094,0.8446710453028115,-0.3799786420729717,0,BitTokens
ZYD,SHA-256,PoW,6243840.0,9736000.0,-0.14705519595885833,-1.2943151664085115,0.2035101562282349,3,ZayedCoin
MST,X11,PoW/PoS,657636.3455,3000000.0,-0.39695584318382166,1.2304891418613908,-0.5205375042126605,0,MustangCoin
ZNE,Scrypt,PoW/PoS,2581970.0,21000000.0,-0.33049182599082744,1.0030037466099078,-0.5858958612083879,0,ZoneCoin
COVAL,Multiple,PoW,1000000000.0,1200000000.0,-0.11633219339469522,-1.8158637526549033,0.3753622149473248,3,Circuits of Value
ROOT,Scrypt,PoW/PoS,1939889.0,0.0,-0.33064838732119506,1.0030135946524872,-0.5858937667599946,0,RootCoin
DOPE,Scrypt,PoW,116845228.0,200000000.0,-0.16261269673094142,-1.136028267986359,-0.002468161913025804,3,DopeCoin
BTCR,Scrypt,PoS,169598616.0,0.0,-0.28956657503346056,0.8329042460745805,-0.29159242334762464,0,BitCurrency
DLC,SHA-256,PoW,9106714.0,10638298.0,-0.14701384060705874,-1.2943143919036524,0.2035089044332831,3,DollarCoin
SCN,Scrypt,PoW/PoW,665200057.0,3100000000.0,-0.23847660451567773,0.28551503305892173,-0.27870815207502764,0,Swiscoin
SH,Scrypt,PoW,11119200.0,30000000.0,-0.16510788826335046,-1.1359910094526229,-0.002410013808033509,3,Shilling
BUZZ,SHA-256D,PoW/PoS,19577787259.0,20000000000.0,0.029998591520679938,1.9290837516040331,-0.6927949749028354,0,BuzzCoin
XPO,PoS,PoS,74033806.79,74000000.0,-0.3661339684970104,1.6448065686123825,-0.14701423113421022,0,Opair
PSB,Scrypt,PoW/PoS,33522957.0,0.0,-0.3302626510525753,1.003026935526275,-0.5859067084262143,0,PesoBit
HALLO,X11,PoW/PoS,264678458.3,1500000000.0,-0.38312968960452864,1.22987930703537,-0.5207762397274542,0,Halloween Coin
XZC,Lyra2Z,PoW,7568281.25,21400000.0,-0.14607304858854778,-2.094682218904139,0.44977690118872893,3,ZCoin
CFC,PoS,PoS,148716816.0,39999898.0,-0.36546262034213817,1.6448544987701614,-0.1470418686448772,0,CoffeeCoin
ROYAL,X13,PoS,2500124.0,2500124.0,-0.24794087678222332,1.629219130530958,-0.3763943984187739,0,RoyalCoin
GNJ,X14,PoW/PoS,100000000.0,100000000.0,-0.4027887780339397,1.9568843127624524,-0.7147821006149929,0,GanjaCoin V2
TEAM,PoS,PoS,17818682.17,301000000.0,-0.36521296032388845,1.6446734386161816,-0.14701099206193327,0,TeamUP
LANA,SHA-256D,PoW/PoS,1082162636.0,7506000000.0,-0.28437658010428096,1.9272915695641895,-0.6841265341605384,0,LanaCoin
ELE,Ethash,PoW,26205539.0,26205539.0,-0.15788655113828978,-2.006445473579973,0.41929096971059243,3,Elementrem
ZCL,Equihash,PoW,5613550.0,21000000.0,-0.1444454915561659,-2.0126270675477875,0.3859506170349222,3,ZClassic
ARK,DPoS,DPoS,108202084.0,125000000.0,3.7292335260686227,1.8547223508508912,-0.2688463453244238,0,ARK
INSANE,X11,PoW/PoS,18342813.0,30000000.0,-0.39654863666917556,1.2304836017051786,-0.5205471055830868,0,InsaneCoin
KLC,Scrypt,PoW,196297971.0,10000000000.0,-0.09223994812661925,-1.1407170286538646,-0.0033553468217738204,3,KiloCoin
ATX,X11,PoW,824000000.0,500000000.0,-0.21816441976460507,-0.9083965880770974,0.06257190679873316,3,ArtexCoin
EMB,X13,PoW/PoS,92192822723.0,850000000.0,0.8449830731149979,1.8379326495268713,-0.7086148066914566,0,EmberCoin
XEN,X11,PoW/PoS,3853326.777,3853326.777,-0.39691076982377155,1.2304900805476122,-0.5205388881138278,0,XenixCoin
FRE,PoS,PoS,50000000.0,50000000.0,-0.36659746767491486,1.6448079814610965,-0.1470022899320331,0,FreeCoin
PLNC,Scrypt,PoW/PoS,17089600.0,38540000.0,-0.33019042261123993,1.003001422725603,-0.5859033355508311,0,PLNCoin
ARCO,Scrypt,PoW/PoS,2449577.415,42000000.0,-0.3303447236069699,1.0029935714251288,-0.5858976383038683,0,AquariusCoin
KURT,X11,PoW,61364813.0,228000000.0,-0.22940504894725622,-0.9085876611399128,0.06290812902324121,3,Kurrent
XCRE,PoS,PoS,20000000.0,20000000.0,-0.36717632552798457,1.644809765372222,-0.1469873807454004,0,Creatio
ENT,X11,PoW/PoS,6069482.077,60000000.0,-0.39648607941528646,1.2304639612902943,-0.5205446925976366,0,Eternity
EUC,SHA-256,PoW/PoS,12416554.0,20000000.0,-0.31212305021722714,0.8446765204851671,-0.3799833987606943,0,Eurocoin
BCF,Scrypt,PoW/PoS,20244023.64,33000000.0,-0.3301911299907379,1.0030054247302358,-0.5859041449998938,0,BitcoinFast
XSN,X11,TPoS,75590369.0,76500000.0,-0.38783913279799176,0.7065896078342516,-0.17664965352650105,0,Stakenet
BCCOIN,Scrypt,PoW/PoS,11080722.38,28000000.0,-0.330338454313879,1.003003963445804,-0.5858999541563119,0,BitConnect Coin
MONEY,Scrypt,PoW/PoS,10914418.0,650659833.0,-0.325930887212203,1.0027038523599436,-0.585954186260693,0,MoneyCoin
XNG,X11,PoW/PoS,814671.0,5000000.0,-0.3969397615114049,1.2304882444545746,-0.5205377429739698,0,Enigma
XCI,CryptoNight,PoW,978145.0,21000000.0,0.29307052445971177,-2.311537630124036,0.45076154224671433,3,Cannabis Industry Coin
RC,Scrypt,PoW/PoS,8377873.0,144000000.0,-0.3295499679232956,1.0029469248739775,-0.5859089626241047,0,Russiacoin
PND,Scrypt,PoS,33813143822.0,32514916898.0,0.3516016335191382,0.8314475279134214,-0.30821392895641136,0,PandaCoin
UNITS,Scrypt,PoW/PoS,3472983.0,13000000.0,-0.33053759869211663,1.0030079779357557,-0.585895528659775,0,GameUnits
GAKH,Scrypt,PoW/PoS,3315789.0,3315789.0,-0.3306081009218044,1.0030125780628607,-0.585894619716748,0,GAKHcoin
ASAFE2,Quark,PoS,10517772.74,15000000.0,-0.36416233678319954,1.5430438425289996,-0.24742063489090688,0,Allsafe
LTCR,QuBit,PoW/PoS,30227750.0,78835200.0,-0.3550061223920333,0.5338919701285736,-0.36213774414359245,0,LiteCreed
OS76,Scrypt,PoW,894026.0,2714286.0,-0.16542600626037507,-1.1359821804705004,-0.0024034443765263242,3,OsmiumCoin
BIC,CryptoNight,PoW,9357088.0,25000000.0,0.29320118723735683,-2.3115360182875606,0.4507577600133755,3,Bikercoins
HXX,Lyra2RE,PoW,1876146.444,9999999.0,-0.15966004212896098,-2.189276922559607,0.4312989900867779,3,HexxCoin
KED,Scrypt,PoW/PoS,23965372.0,500000000.0,-0.32683844474116797,1.0027819635515474,-0.58594639551643,0,Klingon Empire Darsek
IOP,SHA-256,PoW/PoS,2526078.475,21000000.0,-0.3122367645602408,0.8446718608205115,-0.37997943318740957,0,Internet of People
KUSH,X11,PoW/PoS,5659096.957,9354000.0,-0.3968497601790885,1.2304881927084166,-0.5205401077537865,0,KushCoin
PRX,Scrypt,PoW/PoS,11821728.0,20000000.0,-0.33038605911352614,1.003008131407652,-0.5858995601397806,0,Printerium
PAC,X11,PoW,536982074.0,100000000000.0,0.4829765434587318,-0.9564638502591123,0.05401242779406945,3,PacCoin
IMPCH,Scrypt,PoW/PoS,308179.0,21933333.0,-0.33051298693654924,1.003002336402419,-0.5858950108793354,0,Impeach
CTL,CryptoNight-V7,PoW,10969318.52,185000000.0,-0.14465075751043383,-2.247120991107005,0.45822595085120665,3,Citadel
ZBC,Scrypt,PoS,2922613.964,55000000.0,-0.29121275069374974,0.8328073383230358,-0.29152892157638055,0,Zilbercoin
FRST,Scrypt,PoW/PoS ,110000000.0,110000000.0,-0.2705137425227283,0.4072986752675635,-0.4959091652081535,0,FirstCoin
BVC,Scrypt,PoW,3115258.0,3360000.0,-0.16539430462683752,-1.1359815533589714,-0.0024044108725253454,3,BeaverCoin
FIND,X13,PoS,14524851.48,14524851.48,-0.24770885651779606,1.6292184154961202,-0.3764003743823138,0,FindCoin
VLTC,X11,PoW,30385540.0,1000000000.0,-0.22431620440341396,-0.9089727502899679,0.06285349952760844,3,VaultCoin
ZER,Equihash,PoW,6921653.9,17000000.0,-0.14445784266994247,-2.012624587518646,0.3859504298461761,3,Zero
CHAT,Scrypt,PoW/PoS,1000000000.0,1000000000.0,-0.31137681816953855,1.0029533115277613,-0.5863899447472476,0,OpenChat
CDN,Scrypt,PoW,99843408.32,100000000.0,-0.16352853391540798,-1.1359872626961312,-0.0024524744533966068,3,Canada eCoin
ZOI,Lyra2RE,PoW,18545757.5,21000000.0,-0.15937854908190358,-2.189275181783758,0.43129120017130107,3,Zoin
RNS,Scrypt,PoS,36050365.0,34426423.0,-0.2909538480837298,0.8328312454611251,-0.29154070204271315,0,RenosCoin
DBIX,Dagger-Hashimoto,PoW,2232901.0,2232901.0,-0.15349933107206215,-2.176871873755873,0.5028663199553215,3,DubaiCoin
XVP,X11,PoW/PoS,13162749.09,100000000.0,-0.39611617164742025,1.2304476827444575,-0.5205510874540704,0,VirtacoinPlus
TAJ,Blake2S,PoW/PoS,12184195.93,36900000.0,-0.41853341831547497,1.7121800861465457,-0.7078846094661433,0,TajCoin
IMX,X11,PoW/PoS,110630387.9,110000000.0,-0.39485494280591504,1.2304840349527928,-0.5205918984440467,0,Impact
EB3,Scrypt,PoW,64096052.0,4000000000.0,-0.13634582316032037,-1.1378816539875192,-0.00277793341669573,3,EB3coin
ATMOS,PoS,PoS,111135836.9,110290030.0,-0.3654238255960304,1.6448047536663988,-0.14703259902522087,0,Atmos
HPC,X11,PoW/PoS,21521322.01,100000000.0,-0.39601408515192377,1.2304512134548493,-0.520554512512738,0,HappyCoin
CXT,NIST5,PoW,10123200.0,48252000.0,-0.19698250599673514,-0.6351596204077825,0.025148385209272733,3,Coinonat
MCRN,PoS,PoS,401421401.0,400000000.0,-0.35982676593363017,1.644787769572775,-0.14717681288448672,0,MacronCoin
RAIN,X11,PoW/PoS,121665451.6,500000000.0,-0.3919582365802935,1.2303007670888702,-0.5206304309388441,0,Condensate
IMS,Scrypt,PoW/PoS,5368934.0,21212121.0,-0.3304562855036079,1.0030048216252436,-0.5858970217097912,0,Independent Money System
ARGUS,Scrypt,PoW/PoS,1148324.0,28600000.0,-0.33045551342643903,1.002999478820523,-0.5858959365216975,0,ArgusCoin
LMC,Scrypt,PoW/PoS,500000.0,1000000000.0,-0.32358409963077295,1.0025311168457443,-0.5859803836689369,0,LomoCoin
PROC,SHA-256,PoS,100545745.0,75000000000.0,0.25898632053121456,0.6384029963683383,-0.0921882421962054,0,ProCurrency
XGR,X11,PoW/PoS,17171382.0,40000000.0,-0.39649212507453924,1.230478288189939,-0.5205474976398015,0,GoldReserve
BENJI,Scrypt,PoW,20276099.15,35520400.0,-0.1649569567246356,-1.135989801637414,-0.0024142474107328505,3,BenjiRolls
GRW,Scrypt,PoS,295135466.4,2000000000.0,-0.27386959752437096,0.8319935344006573,-0.29181827792869103,0,GrowthCoin
ILC,SHA-256,PoW,1317747500.0,2500000000.0,-0.11340155777946982,-1.2949611620349504,0.2027555784007881,3,ILCoin
PHR,PoS,PoS,11390225.97,30000000.0,-0.36721066130400565,1.6448013098571128,-0.1469847248223329,0,Phreak
DEA,Scrypt,PoW/PoS,21358764.0,105000000.0,-0.32966762033384417,1.0029712009927052,-0.5859108806812527,0,Degas Coin
HTML5,X15,PoW/PoS,40659020000.0,90000000000.0,0.8921173018825027,1.8718791849455454,-0.674143360917658,0,HTML5 Coin
USC,SHA-256,PoS,10343113.0,200084200.0,-0.27183890923549847,0.6744086989411631,-0.08562820947292449,0,Ultimate Secure Cash
EQT,Scrypt,PoW,13673406.43,72000000.0,-0.16477925405701746,-1.1360101690635398,-0.0024147231257972052,3,EquiTrader
QTUM,POS 3.0,PoS,100000000.0,100000000.0,-0.3626716006675519,1.5863324046305467,-0.13261178791449185,0,QTUM
QRL,CryptoNight-V7,PoW,69036016.83,105000000.0,-0.14450811627417084,-2.247057913824787,0.4582091336488702,3,Quantum Resistant Ledger
ESP,536,PoW/PoS,22801882871.0,50000000000.0,0.609350058248616,2.0205799976350205,-0.7109657373475581,0,Espers
DYN,Argon2d,PoW,19784224.65,0.0,-0.16338941961630196,-2.150867465682209,0.45076466239927115,3,Dynamic
NANO,Blake2b,PoW,133248297.0,340282367.0,-0.04445200406023836,-2.240016376928042,0.43303334887946976,3,Nano
CHAN,Cloverhash,PoW,18407259.09,30000000.0,-0.15335822817675282,-2.29523382341478,0.48501811565365904,3,ChanCoin
DCY,CryptoNight,PoW,1809467143.0,2000000000.0,0.329173330448369,-2.3117273336453366,0.44984790250653456,3,Dinastycoin
DNR,NIST5,PoW/PoS,4171382.0,10000000.0,-0.36254202605086255,1.5038503233972138,-0.558335970627903,0,Denarius
DP,X11,PoW,35138975.0,100000000.0,-0.23063183510899957,-0.9085370597808102,0.06293003796554453,3,DigitalPrice
VUC,NIST5,PoW/PoS,62942075.0,120000000.0,-0.36104523066759214,1.5038221428289928,-0.5583696456193246,0,Virta Unique Coin
BTPL,Skein,PoW/PoS,6804362.0,100000000.0,-0.4241095517365429,1.9161324675576947,-0.7288055676049464,0,Bitcoin Planet
UNIFY,Scrypt,PoW,18133195.0,19276800.0,-0.16509816396703025,-1.1359828795158795,-0.0024119527671234314,3,Unify
BRIT,X13,PoW/PoS,21268092.0,30000000.0,-0.2865510368351873,1.7993939754879966,-0.6707745313246939,0,BritCoin
SOCC,Scrypt,PoW,5167775.0,75000000.0,-0.16486189101433713,-1.1360152075010794,-0.002411499428337306,3,SocialCoin
ARC,X11,PoW,26042364.37,60000000.0,-0.2310262104900687,-0.9085216274591073,0.06293725372400148,3,ArcticCoin
DAS,X11,PoW,2622886.0,18900000.0,-0.2316033066753185,-0.9085117151444789,0.06295043443374553,3,DAS
LINDA,Scrypt,PoW/PoS,9044930943.0,50000000000.0,0.1338908531902965,0.9827399278335502,-0.5939596230043049,0,Linda
XLC,CryptoNight,PoW,14161803.0,54000000.0,0.2934652434214242,-2.3115479629657543,0.45075326220384776,3,LeviarCoin
ONION,X13,PoW/PoS,21917018.05,18898187.62,-0.2866217328816125,1.799399599223949,-0.670773829077565,0,DeepOnion
BTX,Time Travel,PoW,17801865.16,21000000.0,-0.16556496477306734,-2.197301412243609,0.36841458826683016,3,Bitcore
GCN,Scrypt,PoW,163055000000.0,200000000000.0,3.2423725808229924,-1.163479776439547,-0.08665861543738734,3,gCn Coin
SMART,Keccak,PoW,2241009149.0,5000000000.0,-0.12916115316392815,-1.304472140381753,0.1698076483462583,3,SmartCash
SIGT,SkunkHash v2 Raptor,PoS,107972766.0,137500000.0,-0.3512417186217385,1.7941945157479127,-0.1817675604636275,0,Signatum
ONX,X11,PoW,122475638.4,1100000000.0,-0.22248328492502586,-0.908982037849373,0.062807043447268,3,Onix
CRM,Skein,PoW/PoS,47331802.48,100000000.0,-0.4236145743750195,1.9161495865870555,-0.7288221743705536,0,Cream
BCH,SHA-256,PoW,17995589.65,21000000.0,-0.14683189705449445,-1.294315630179353,0.2035043584624234,3,Bitcoin Cash
XMCC,X11,PoW/PoS,12569262.54,9507271.0,-0.39676427819875504,1.2304910377463907,-0.5205429526707221,0,Monoeci
DFT,Scrypt,PoS,18663297.35,17405891.2,-0.2912867403448668,0.8328321027380927,-0.2915320931059589,0,Draftcoin
VET,VeChainThor Authority,Proof of Authority,55454734800.0,86712634466.0,4.472288805890079,1.8148971425845577,9.02195678871714,1,Vechain
SOJ,Scrypt,PoW,485214.0,10500000000.0,-0.0910905485267823,-1.1410406759093494,-0.003318712882389929,3,Sojourn Coin
STCN,PoS,PoS,4000000.0,61599965.0,-0.3670771340440062,1.644782961120019,-0.14698445229510784,0,Stakecoin
NYC,Scrypt,PoW,143007000000.0,0.0,1.5811438523493966,-1.0755742517900884,-0.06100224215694041,3,NewYorkCoin
FRAZ,Scrypt,PoW,9704042.0,20000000.0,-0.16519599087344233,-1.1359867885277986,-0.002408561855190927,3,FrazCoin
KRONE,Scrypt,PoW,17453749.4,84000000.0,-0.16464810077760064,-1.1360143546594923,-0.0024173186647855386,3,Kronecoin
ACC,Scrypt,PoW,32646731.06,100000000.0,-0.16434923301753154,-1.1360156469680551,-0.0024249395423433084,3,AdCoin
LINX,Scrypt,PoW,33716526.0,100000000.0,-0.16433616719668284,-1.136015195080377,-0.0024253779078952835,3,Linx
XCXT,Scrypt,PoW/PoS,19539588.0,48252000.0,-0.33009172080028404,1.0029977776975023,-0.5859051864261884,0,CoinonatX
ETHD,Scrypt,PoW/PoS,4200000.0,4200000.0,-0.33059103983910043,1.0030125254843996,-0.5858950591456422,0,Ethereum Dark
SUMO,CryptoNight,PoW,8946653.0,88888888.0,0.2936486274655239,-2.311566977769932,0.45075235664211155,3,Sumokoin
ODN,SHA-512,PoS,25000000.0,91388946.0,-0.239065458830533,1.2310920813646342,0.16515844981982244,0,Obsidian
ADA,Ouroboros,PoS,25927070538.0,45000000000.0,0.6286471120444375,1.5818817356126453,-0.178843695946627,0,Cardano
REC,X11,PoW/PoS,7262402.043,27000000.0,-0.39670521164995487,1.23048036688315,-0.5205423035870603,0,Regalcoin
BTCZ,Equihash,PoW,5211553258.0,21000000000.0,0.06770729735217261,-2.0205371900892812,0.3819878860362141,3,BitcoinZ
TZC,NeoScrypt,PoW/PoS,182638400.0,400000000.0,-0.3420866527857217,0.5094577468248875,-0.3270497714526122,0,TrezarCoin
ELM,X11,PoW,2702855669.0,1800000000.0,-0.18601079049351588,-0.908229378851425,0.061688646695022775,3,Elements
TER,Scrypt,PoW/PoS,1140734.917,15733333.0,-0.33054672622437864,1.0030056756703907,-0.5858948113494672,0,TerraNovaCoin
VIVO,NeoScrypt,PoW,4165967.575,27000000.0,-0.18169201237466018,-1.6294319290365384,0.25654601918773784,3,VIVO Coin
RUP,Lyra2REv2,PoS,24000000.0,24000000.0,-0.32534873336920733,0.6973076586475065,-0.057996396326470426,0,Rupee
BTG,Equihash,PoW,17202361.09,21000000.0,-0.14430395290806525,-2.012622172365784,0.38594586833460565,3,Bitcoin Gold
WOMEN,Scrypt,PoW/PoS,48459472454.0,25000000000.0,0.43822910728581876,1.01143560184966,-0.6079301873343538,0,WomenCoin
MAY,SHA-256,PoW/PoS,92050800.0,100000000.0,-0.31058389637127926,0.8446716088921894,-0.38002300671817346,0,Theresa May Coin
NAMO,NIST5,PoW/PoS,560563220.0,1200000000.0,-0.34731916696664233,1.5035119217728332,-0.5586677373067223,0,NamoCoin
LUX,PHI1612,PoW/PoS,8305775.318,60000000.0,-0.39215986301486755,1.8620817465900146,-0.6298952941326541,0,LUXCoin
PIRL,Dagger,PoW,33986980.0,156306732.7,-0.15500750033759986,-2.1615294468650066,0.4110052123053161,3,Pirl
XIOS,Scrypt,PoW/PoS,2149688.0,21000000.0,-0.3304971056186861,1.003003564011447,-0.5858956840739389,0,Xios
BTDX,Quark,PoW/PoS,30711550.53,200000000.0,-0.4016396868954556,1.7131433952364403,-0.5418150871468751,0,Bitcloud 2.0
EBST,Scrypt,PoW,99990001.49,100000000.0,-0.16352674351612181,-1.135987200774313,-0.0024525345222877037,3,eBoost
KEK,POS 2.0,PoS,12330806.31,21000000.0,-0.3709414483071817,1.632977048985018,-0.24491652023231844,0,KekCoin
BLHC,Scrypt,PoW/PoS,16362544.99,14788275.99,-0.33036750912383317,1.0030125608467784,-0.5859009663135872,0,BlackholeCoin
XIN,SHA-256,PoS,8999999990.0,9000000000.0,-0.09972484890700453,0.6739655710986228,-0.09007927847467677,0,Infinity Economics
PURA,X11,PoW,175215859.0,350000000.0,-0.22715055334970094,-0.908598357877951,0.06285083749490683,3,Pura
INN,NeoScrypt,PoW,6375259.04,45000000.0,-0.18153755571540367,-1.6294396694714268,0.2565435441706209,3,Innova
ELLA,Ethash,PoW,12756367.0,280000000.0,-0.15625347079963947,-2.006573450422025,0.41927434808859343,3,Ellaism
GBX,NeoScrypt,PoW,5832306.875,31800000.0,-0.1816376677326451,-1.6294335381390397,0.25654491778536564,3,GoByte
MAG,X11,PoW/PoS,38198594.83,144000000.0,-0.3954987967065993,1.2304370557711108,-0.5205651833962301,0,Magnet
TAU,DPoS,DPoS,288090567.5,500000000.0,3.7340862765474077,1.8546176357090252,-0.26895276009920827,0,Lamden Tau
ECA,NIST5,PoW/PoS,28399150208.0,30000000000.0,0.19664226168719431,1.5013932605778344,-0.572586602146391,0,Electra
BCD,X13,PoW/PoS,183534024.9,210000000.0,-0.2832944827618335,1.799375781046934,-0.6708567196274333,0,Bitcoin Diamond
XSH,Multiple,PoW,481730566.6,660000000.0,-0.12648623090523,-1.8158224631354216,0.3756216758601885,3,SHIELD
CNBC,Scrypt,PoW/PoS,110976977.3,210000000.0,-0.32782948157958935,1.0029584599465413,-0.5859567599018511,0,Cash & Back Coin
XUN,CryptoNight,PoW,19281821413.0,85000000000.0,1.1303654850704017,-2.3443420842775096,0.4354501515683476,3,UltraNote
COAL,CryptoNight,PoW,4500000.0,12500000.0,0.2930533423161373,-2.311532046580251,0.4507608403692895,3,BitCoal
DAXX,Ethash,PoW,520891780.0,10000000000.0,-0.08121160424024608,-2.01104258343981,0.41821848016759944,3,DaxxCoin
BWK,NIST5,PoS,13247178.88,27716121.0,-0.3232715853136436,1.3336654515964226,-0.2639711902971891,0,Bulwark
KLKS,Quark,PoS,16955764.9,20000000.0,-0.3640482977179401,1.5430441526268295,-0.24742370899558572,0,Kalkulus
AC3,X11,PoW,80316207.0,550000000.0,-0.2268932249126451,-0.9087348179672673,0.0628722827567465,3,AC3
LTHN,CryptoNight-V7,PoW,441250233.4,999481516.0,-0.1336275145241915,-2.247331711789864,0.457978607948841,3,Lethean
GER,Scrypt,PoW/PoS,4911500269.0,50000000000.0,0.08340765995566071,0.9809939423917815,-0.5922658838107423,0,GermanCoin
LTCU,Scrypt,PoW/PoS,8419402.321,150000000.0,-0.3295069694678963,1.0029440511986725,-0.5859095028829656,0,LiteCoin Ultra
POP,Scrypt,PoW,3964201249.0,4999999999.0,-0.0816304509362112,-1.1367160961890201,-0.004463270698236683,3,PopularCoin
PNX,X11,PoW/PoS,45174214.11,50000000.0,-0.39607929688039484,1.230485298055126,-0.5205598443164843,0,PhantomX
PHO,BLAKE256,PoW,30089671531.0,90000000000.0,1.08543427047192,-1.3167376865240434,0.10922562157141476,3,Photon
SUCR,X11,PoW,4229040.504,19800000.0,-0.23157731640067158,-0.9085114703779947,0.06294969780006737,3,Sucre
SPK,NeoScrypt,PoW,7847417.334,21000000.0,-0.18168954064146114,-1.6294274827529602,0.25654503389649697,3,SparksPay
WAGE,Quark,PoS,27299680.0,120000000.0,-0.3632137761064103,1.5430003349985257,-0.2474366682725442,0,Digiwage
GUN,NeoScrypt,PoW,299797953.0,500000000.0,-0.17473161796626863,-1.629534976661784,0.2563836303868342,3,GunCoin
IRL,Scrypt,PoW,45483049.34,64000000.0,-0.16444740552998516,-1.1359928775264636,-0.0024270599792910966,3,IrishCoin
TROLL,Scrypt,PoW/PoS,591022748.0,900000000.0,-0.31708000345627535,1.0028287440886174,-0.5862136390977911,0,Trollcoin
LCP,Scrypt,PoW/PoS,2504486.228,4000000.0,-0.3306131641816433,1.0030119056633224,-0.5858943469404262,0,Litecoin Plus
MONK,X11,PoS,4407252.0,21000000.0,-0.35774844277009565,1.0603018834576488,-0.22617056615039155,0,Monkey Project
PCOIN,X11,PoW,8478104.34,23000000.0,-0.23150275893918199,-0.9085112175311103,0.06294767761617544,3,Pioneer Coin
UBTC,SHA-256,PoW,20166000.0,20166000.0,-0.14681129527302733,-1.2943143115060107,0.20350354183271666,3,UnitedBitcoin
ITZ,C11,PoW,11916588.09,23000000.0,-0.20511561125418343,-1.2872356529292248,0.12258623026636815,3,Interzone
TPAY,POS 3.0,PoS,20445861.53,25000000.0,-0.3641743667610734,1.5863349407134708,-0.13257264881698347,0,TokenPay
MCT,Ethash,PoS,1618033.0,1618033.0,-0.28454277468674155,-0.03763015471422305,0.13018310275730904,0,1717 Masonic Commemorative Token
MBC,Scrypt,PoW and PoS,9399342.528,30000000.0,-0.27378172481238183,0.3988777591031312,-0.3975214253908504,0,My Big Coin
TRTL,CryptoNight,PoW,53139835214.0,1000000000000.0,8.023800906306645,-2.770950934072323,0.34178195230097314,3,TurtleCoin
MUN,SkunkHash,PoW,4818338.989,16600000.0,-0.14728608784329963,-2.1531747479765677,0.40939928555546345,3,MUNcoin
USX,Scrypt,PoW/PoS,234846265.8,232000000.0,-0.3261608166591156,1.0030001819320078,-0.5860094358723095,0,Unified Society USDEX
NBR,CryptoNight,PoW,133932467.8,336000000.0,0.2969251373993038,-2.3116332583562387,0.4506795919089951,3,Niobio Cash
SSS,Scrypt,PoW,10000000000.0,10000000000.0,0.027496470112579836,-1.1365758872224274,-0.00737257020789967,3,ShareChain
TRF,Dagger,PoW,107325266.0,100000000.0,-0.1545105485486171,-2.1614713358392534,0.41098007110915036,3,Travelflex
KREDS,Lyra2REv2,PoW,643795911.5,1100000000.0,-0.1839770281327281,-1.2717628843914996,0.23077588403033966,3,KREDS
TOKC,X13,PoS,230298925.0,800000000.0,-0.23951088827553862,1.6289310631474871,-0.3765572901264708,0,Tokyo Coin
BBP,Proof-of-BibleHash,POBh,1772091550.0,5200000000.0,-0.22716676103645203,3.7688194512988797,13.004239000899318,1,BiblePay
LCC,SHA-256 + Hive,PoW + Hive,638382332.2,840000000.0,-0.356605125757205,3.5118713045506933,12.44949737672764,1,LitecoinCash
FLIP,Scrypt,PoW,12446100.0,40000000.0,-0.16502086358247037,-1.135995267658146,-0.0024114295957519505,3,BitFlip
LOT,Scrypt,PoW,14491014421.0,18406979840.0,0.1418841411469889,-1.1387299242231004,-0.009945981921803333,3,LottoCoin
CIF,X11,PoW,211297638.5,500000000.0,-0.22564759152928118,-0.9086553971603236,0.0628229713708786,3,Crypto Improvement Fund
SPD,C11,PoW/PoS,11251342.19,19340594.0,-0.37036558397256536,0.8517598548358799,-0.46090330854190625,0,Stipend
POA,Proof-of-Authority,PoA,204479039.0,252460800.0,-0.4081606967599174,3.2913416117745324,13.854284789108123,1,Poa Network
PUSHI,X11,PoW/PoS,2167827.1,25000000.0,-0.39678159741844743,1.2304791786438911,-0.5205400415898085,0,Pushi
ELP,XEVAN,PoW/PoS,419275.38,60000000.0,-0.29458811756152564,1.4206941856184987,-0.5324345288263784,0,Ellerium
VLX,Scrypt,PoS,25570013.13,124000000.0,-0.2904474999376831,0.8327836557160704,-0.291544218987595,0,Velox
ONT,VBFT,PoS,650848625.0,1000000000.0,-0.34456752268439017,1.6105725515267388,-0.10421306754989011,0,Ontology
CLO,Ethash,PoW,247612453.0,6500000000.0,-0.10933582838359789,-2.009471474673728,0.41863568497627696,3,Callisto Network
TUBE,CryptoNight,PoW,80049082.91,1000000000.0,0.3009694027840034,-2.311975980422317,0.4506437660868445,3,BitTube
PSD,Scrypt,PoW,4070212.149,21000000.0,-0.16525771715059973,-1.135989650160272,-0.002406340510412798,3,Poseidon
ADK,IMesh,PoW,25000000.0,25000000.0,-0.1463848738964731,-2.265274130769962,0.4232858826837389,3,Aidos Kuneen
BSX,NIST5,PoW/PoS,13787854.63,50000000.0,-0.36214130139340023,1.5038351106682792,-0.5583433994081123,0,Bitspace
BRIA,Scrypt,PoW/PoS,845637.8135,3000000.0,-0.330640506214834,1.0030116868255787,-0.5858935799938846,0,Briacoin
IC,Scrypt,PoW/PoS,1182153.5,5000000.0,-0.330622232470907,1.0030108652326069,-0.585893892300411,0,Ignition
BTL,Equihash,PoW,71355477.0,70000000.0,-0.14329554807656641,-2.0126229093808026,0.385919405091612,3,Bitrolium
MEDIC,Scrypt,PoS,267297676.3,500000000.0,-0.28483240168076773,0.8327045799380283,-0.29167606056020695,0,MedicCoin
ALPS,Lyra2Z,PoW,27340501.65,300000000.0,-0.1438585527973391,-2.094808115869422,0.44974450335612326,3,Alpenschillling
BITG,Green Protocol,PoS,9803691.362,21000000.0,-0.3671549692937603,1.365139636059298,-0.12639891693980052,0,Bitcoin Green
DEV,PoS,PoS,21876586.85,88000000.0,-0.36667183863864833,1.6447777909214885,-0.1469940797778136,0,Deviant Coin
ABJ,Scrypt,PoW/PoS,9880502.372,30000000.0,-0.3303389493194811,1.0030024927266312,-0.5858996367608594,0,Abjcoin
SEM,Semux BFT consensus,DPoS,1231147.0,100000000.0,3.928851444450879,1.9277632137236225,-0.1914419025961821,0,Semux
FTO,X11,PoW,31801461.19,100000000.0,-0.23067259746063468,-0.9085384695662849,0.0629314055650991,3,FuturoCoin
CARE,Quark,PoW/PoS,139739596.5,200000000.0,-0.40030808505020876,1.7131894493246835,-0.5418597631289399,0,Carebit
NZL,PoS,PoS,11075254.09,80000000.0,-0.36686041449714996,1.6447770833316782,-0.14698895610390034,0,Zealium
XMC,CryptoNight,PoW,16016864.0,18400000.0,0.29323578530082195,-2.3115300248196973,0.4507556066295755,3,Monero Classic
PROTON,X16R,PoS,4403800.0,45000000.0,-0.3264413288746996,0.7687116028554358,-0.11143454572218882,0,Proton
DEAL,Scrypt,PoW/PoS,1404157529.0,5121951220.0,-0.2772495478101776,1.0011377871055605,-0.5869150174424729,0,iDealCash
JUMP,NIST5,PoW,21069346.25,21000000.0,-0.1970418116834991,-0.6351418647811453,0.02514627641429152,3,Jumpcoin
INFX,Lyra2RE,PoW,5097689.711,26280000.0,-0.1595054032610694,-2.1892834065981646,0.43129625027915486,3,Infinex
XBI,XEVAN,PoS/PoW,10904963.09,21000000.0,-0.2421026998292937,0.9597005954416847,-0.28814342457804176,0,Bitcoin Incognito
KEC,Tribus,PoW,795447.0,18000000.0,-0.1741325528174043,-2.177837069950126,0.41602384426487526,3,KEYCO
HWC,Scrypt,PoS,38706809.47,26000000.0,-0.29098107875900603,0.8328364279958914,-0.2915410557207841,0,HollyWoodCoin
GIN,Lyra2Z,PoW,6986399.704,10500000.0,-0.1461573477561185,-2.094677212315807,0.4497780901794783,3,GINcoin
PLTC,CryptoNight,PoW,84300.0,600000518.0,0.29716001607450715,-2.3118170104311537,0.45071141565838646,3,PlatinCoin
LOKI,CryptoNight Heavy,PoW,19153632.0,150000000.0,0.5752070214531984,-2.2803228274120717,0.4530894180311309,3,Loki
NCP,CryptoNight,PoW,41294520017.0,184000000000.0,2.100320605221221,-2.38274888016975,0.41779661124646733,3,Newton Coin
SIC,Scrypt,PoW/PoS,10200000000.0,10200000000.0,-0.13386040989481518,1.002406245449155,-0.5909620953143967,0,Swisscoin
XT3,Scrypt,PoS,7630000.015,44000000.0,-0.29123315817046247,0.8328146273160869,-0.29152989122676004,0,Xt3ch
MGD,Jump Consistent Hash,PoW,135862416.0,168000000.0,-0.1306013805868981,-2.1150842266553016,0.4071805602255625,3,MassGrid
VIG,SHA-256D,PoW/PoS,33238183.72,100000000.0,-0.349635857568485,1.9304172238799562,-0.6830508661267956,0,TheVig
PLURA,CryptoNight,PoW,560085952.4,1000000000.0,0.30683227939994573,-2.311773210023647,0.4504470633175627,3,PluraCoin
EMAR,Scrypt,PoW/PoS,21599339.67,84000000.0,-0.3298134014356931,1.0029814218746562,-0.5859091479155181,0,EmaratCoin
DKD,X15,PoS,30284196.37,90000000.0,-0.2017943441755241,1.7278620939937592,-0.3552842689267916,0,Dekado
LYNX,Scrypt,HPoW,77872059788.0,92000000000.0,2.2523269846006126,0.1261851147197308,-0.3813496269198443,0,Lynx
POSQ,Quark,PoS,2716264.953,650000000.0,-0.35976062988131247,1.5427345599370854,-0.24747281449686007,0,Poseidon Quark
BWS,SHA-256,PoS,57811001.0,100262205.0,-0.271966092246897,0.6744768508401205,-0.08563895502830592,0,BitcoinWSpectrum
MUSE,DPoS,PoS,18194936.0,18081806.0,1.0167245471979993,1.6917032019045506,-0.20499729744253953,0,Muse
XMN,X16R,PoW,8125865.021,22075700.0,-0.20037641566120554,-1.2000896352009374,0.177686014537146,3,Motion
PLUS1,HMQ1725,PoW,8645406.168,21000000.0,-0.15621754514861358,-2.145649575753846,0.5390587401274796,3,PlusOneCoin
AXE,X11,PoW,4993030.697,21000000.0,-0.23155948724356118,-0.908511725907548,0.06294928009457973,3,Axe
TRVC,X16R,PoW/PoS,36923120.62,82546564.0,-0.36481238894580237,0.938887415271328,-0.40582118960511626,0,Trivechain
DTEM,Quark,PoS,7082392.247,21000000.0,-0.36416180317693964,1.5430395001865278,-0.24741975043047595,0,Dystem
GIC,Quark,PoW/PoS,5919489.768,5151000.0,-0.40332237794846393,1.7132268147316514,-0.5417879360218543,0,Giant
PNY,Scrypt,PoS,1042012.452,16880000000.0,-0.1720831956598236,0.8246990881083465,-0.29299540750728764,0,Peony Coin
ABS,Lyra2REv2,PoW/PoS,13332617.94,52500000.0,-0.3643113160261753,0.8674695880101119,-0.35236455484561796,0,Absolute Coin
VITAE,Quark,PoS,66053877.63,100000000.0,-0.36288209352038114,1.5430263423914545,-0.24745080428506155,0,Vitae
HEX,Scrypt,PoW,1416663.066,22105263.0,-0.16528229864266378,-1.1359913036276486,-0.0024053495629109667,3,HexCoin
TPC,Scrypt,PoW/PoS,5403802.496,1000000000.0,-0.32352420758745254,1.0025331882407773,-0.5859823930802803,0,TPCash
WEBC,CryptoNight-V7,PoW,15580199.31,1750000000.0,-0.13351131082819942,-2.247873169350853,0.45808758262932525,3,Webchain
RYO,Cryptonight-GPU,PoW,4890897.0,88188888.0,-0.16041101290460616,-2.172328285791964,0.48079196121817236,3,Ryo
URALS,XEVAN,PoW,14746153.1,210000000.0,-0.12813492443963295,-0.7183660684748343,0.051036649996784526,3,Urals Coin
QWC,CryptoNight Heavy,PoW,99553110529.0,184470000000.0,3.0961848161437766,-2.327097300938655,0.39622980982024697,3,Qwertycoin
ARE,X11,PoS,19269509.94,55000000.0,-0.3573261405421451,1.060291777796835,-0.22617962123330232,0,ARENON
EUNO,X11,PoW/PoS,30771125.98,50000000.0,-0.39625520738636166,1.2304792141059386,-0.5205539424212312,0,EUNO
MMO,Scrypt,PoS,107763867.9,260000000.0,-0.2884804996739353,0.8327528406199074,-0.29158975937350345,0,MMOCoin
KETAN,PoS,PoS,9327131.597,210000000.0,-0.36596112142592185,1.64471370186786,-0.14699957668324393,0,Ketan
PPAI,SHA-256,PoW,2100000000.0,2100000000.0,-0.10668035380697823,-1.2944379861397641,0.2024699207237299,3,Project Pai
XDNA,Keccak,PoW/PoS,4672513.844,366000000.0,-0.35450773522201745,0.8358102269513761,-0.41236199065448237,0,XDNA
PAXEX,X11,PoS,4504639.0,100000000.0,-0.3571877853293827,1.0602638568969478,-0.22617749540345822,0,PAXEX
AZART,X11,PoW,5015881.373,25000000.0,-0.23153088066493074,-0.908513643733645,0.06294892190344471,3,Azart
TSC,Scrypt,PoW/PoS,1059954080.0,18000000000.0,-0.19025272428645287,0.9947868534683351,-0.5878970296379927,0,ThunderStake
KCASH,SHA-512,Zero-Knowledge Proof,1000000000.0,1000000000.0,-0.05092412098931895,0.7149361883037343,0.7555564083531386,0,Kcash
XCG,X16R,PoW,9753753.615,100000000.0,-0.19980468358189893,-1.200126496921642,0.17767855194511303,3,Xchange
AAC,ECC 256K1,DPOS,1000000000.0,1000000000.0,-0.34986902734323805,2.772193588133057,17.426524292502386,1,Acute Angle Cloud
CRYP,Equihash,PoW,4235111504.0,7600000000.0,-0.03911547122378813,-2.014492592337805,0.3835565714445147,3,CrypticCoin
BTXC,XEVAN,PoS,6787405.18,50000000.0,-0.25554702867933377,1.2505215256390376,-0.23806622194813526,0,Bettex coin
ACM,Lyra2Z,PoW,13634850.0,84000000.0,-0.14555562994141683,-2.0947098213860786,0.4497689561617584,3,Actinium
BSV,SHA-256,PoW,17992514.65,21000000.0,-0.146831934610663,-1.2943156314782505,0.20350435972245384,3,Bitcoin SV
BITM,XEVAN,Pos,208515864.4,70000000000.0,0.5816703614410749,1.0497653317402202,-0.28955031925059177,0,BitMoney
JMC,X11,PoS,17209923728.0,0.0,-0.14775951098197526,1.0675797141322476,-0.23321896980323675,0,Junson Ming Chan Coin
FRED,CryptoNight,PoW,1867054873.0,8080000000.0,0.37293446331901353,-2.314632775351349,0.4492940869022229,3,FREDEnergy
HERB,Quark,PoW/PoS,35312185.74,54000000.0,-0.4026174510994723,1.7132156915318444,-0.5418042401193238,0,HerbCoin
UMO,Blake,PoW,1578281.313,105120001.4,-0.15373953585944822,-2.241007167582568,0.438531385572027,3,Universal Molecule
LIT,Blake,PoW,15846721.25,25228800.0,-0.15413104925528667,-2.2409626433691727,0.4385325059171441,3,Lithium
PIRATE,Equihash,PoS,13475920.0,105000000.0,-0.26993638917992135,-0.04385036668035348,0.09681998364435757,0,PirateCash
EXO,Exosis,PoW,406091.925,21000000.0,-0.15091428424062528,-2.05518120012613,0.3497070204787141,3,Exosis
BLTG,Scrypt,PoW,35284717.17,120000000.0,-0.16417537679694819,-1.1360241700589813,-0.0024277646377866466,3,Block-Logic
OWC,Scrypt,PoW/PoS,14777549.39,21000000.0,-0.3303428766459585,1.0030088980944127,-0.5859008585417004,0,Oduwa
BEAM,Equihash,PoW,35687520.0,262800000.0,-0.14236578944739703,-2.012730880192534,0.38591720711088157,3,Beam
GALI,Quark,PoW/PoS,18265011.25,19035999.0,-0.4030732654945803,1.7132253387938148,-0.5417942056644184,0,Galilel
BTH,Equihash,PoW,25150787.5,30886000.0,-0.14413686428855108,-2.0126235786664504,0.38594174921234226,3,Bithereum
CSPN,Quark,PoS,1934701.675,13370000.0,-0.36427870861567135,1.5430410024367012,-0.24741697569325144,0,Crypto Sports
CREDIT,Scrypt,PoW/PoS,30825710000.0,74800000000.0,0.5755384277577839,0.9799898912751664,-0.6050473766480401,0,Credit
SLC,QuBit,PoW,12925790.42,100000000.0,-0.18985161914037899,-1.6051195624068768,0.22135763042230067,3,SLICE
DASHP,X11,PoS,715659.4424,19700000.0,-0.35780273605861085,1.0603009505376935,-0.22616894009241412,0,Dash Platinum
NSD,Scrypt,PoW/PoS,20546528.21,84000000.0,-0.3298262598307083,1.0029809771608997,-0.5859087165092182,0,Nasdacoin
BEET,XEVAN,PoW/PoS,198938144.4,500000000.0,-0.2890475051680119,1.4205660185378197,-0.5325542461492117,0,Beetle Coin
TTN,SHA-256D,PoW/PoS,896361168.0,5000000000.0,-0.3043930208286723,1.9284206511210968,-0.6838318584857295,0,Titan Coin
AWR,X11,PoW/PoS,15420234.54,420000000.0,-0.39382240054498696,1.2302944380510672,-0.5205799187112272,0,Award
BLAST,SHA-256,PoW,52293836.63,64000000.0,-0.14610847868569268,-1.2943218627903184,0.20348655431044196,3,BLAST
XRC,X13,PoW,1170292.5,2100000.0,-0.12177815097417669,-0.33959509519167147,-0.0872737323283643,3,Bitcoin Rhodium
GLT,SHA-256,PoW,84613100.0,168000000.0,-0.14497723612143845,-1.294358325380545,0.20346424145606892,3,GlobalToken
INSN,X11,PoW/PoS,23775960.32,30000000.0,-0.39648227953205134,1.2304858966985803,-0.5205493319019214,0,Insane Coin
ALX,DPoS,DPoS,1000000000.0,1000000000.0,3.7463220395847983,1.854677415648294,-0.26928807981538994,0,ALAX
LDOGE,Scrypt,PoW/PoS,15318887081.0,35000000000.0,0.10428901056790205,0.9926181276655524,-0.5952223727756555,0,LiteDoge
SLR,Scrypt,PoW,55565076.39,98100000000.0,0.5299542917704502,-1.183229185861365,-0.010980609491504157,3,SolarCoin
TRK,X11,PoW/PoS,242574105.2,0.0,-0.39402246906938027,1.2305927744102707,-0.5206363717262935,0,TruckCoin
UFO,NeoScrypt,PoW,3824685012.0,4000000000.0,-0.10689424646318671,-1.629732587186289,0.25463402741011176,3,UFO Coin
OC,Scrypt,PoW/PoS,3537150.0,200000000.0,-0.32921250462988066,1.0029178954271025,-0.5859118626484722,0,OrangeCoin
BLC,Blake,PoW,23356790.15,7000000000.0,-0.10464487774600643,-2.244320401204472,0.4379211801875507,3,BlakeCoin
BITS,Scrypt,PoW/PoS,20576532.0,54256119.0,-0.33003653578879705,1.0029953225063946,-0.5859061349313072,0,BitstarCoin
NEOS,SHA-256,PoS,4392258.246,21000000.0,-0.2731798410050719,0.6744924804949728,-0.08561015363254926,0,NeosCoin
HYPER,Scrypt,PoW/PoS,9631199.993,0.0,-0.3305544503546143,1.0030168435075135,-0.5858969183974368,0,HyperCoin
PINK,X11,PoW/PoS,436353624.5,500000000.0,-0.3881148277767795,1.2304336932250297,-0.5207593794405194,0,PinkCoin
CESC,Scrypt,PoW,780210700.0,1000000000.0,-0.14884525784163,-1.1361335541784312,-0.0028097520445010205,3,Crypto Escudo
ADC,Scrypt,PoW/PoS,980732529.0,10500000000.0,-0.244334339941678,0.9983674117376439,-0.5872105153946742,0,AudioCoin
NKA,SHA-256,PoW/PoS,17939725045.0,190000000.0,-0.09196595452229389,0.8521672032630904,-0.3873442247353687,0,IncaKoin
PIGGY,X11,PoW/PoS,494240666.0,1000000000.0,-0.3838668940629378,1.230217210257445,-0.520826703042947,0,Piggy Coin
CRW,SHA-256,PoW,22986929.09,42000000.0,-0.14662221654261148,-1.2943236410695718,0.20350048183596436,3,Crown Coin
GEN,Scrypt,PoW/PoS,60000000.0,15000000.0,-0.3298330485450065,1.0030308915412178,-0.5859188659210879,0,Genstake
SMLY,Scrypt,PoW,29583989323.0,50000000000.0,0.5499582778910478,-1.1475782784476367,-0.01888569947645253,3,SmileyCoin
MI,Scrypt,PoW/PoS,404316475.5,400000000.0,-0.32290125644018897,1.0029908130549323,-0.5860935297593399,0,XiaoMiCoin
GRS,Groestl,PoW,73298203.89,105000000.0,-0.19888055894577156,-1.2516205484314409,0.16418045629509484,3,Groestlcoin
CPC,X11,PoW/PoS,201364327.4,208000000.0,-0.3930527503698003,1.2304751382830654,-0.5206376244027789,0,CapriCoin
CLUB,Scrypt,PoW/PoS,103621876.2,160000000.0,-0.3282734059649291,1.00297944658801,-0.5859493856854564,0, ClubCoin
RADS,PoS,PoS,3821245.742,9000000.0,-0.3674518235433575,1.6448082319366935,-0.1469797919664189,0,Radium
BTA,Scrypt,PoW,5052555.92,5000000.0,-0.16535902938264152,-1.1359815252990555,-0.002405347730629116,3,Bata
PAK,Scrypt,PoW,69684455.44,182000000.0,-0.16331616327696746,-1.136039515321623,-0.0024472673090463366,3,Pakcoin
CRB,X11,Proof of Trust,16901016.66,16504333.0,-0.38242538344327365,0.8830687728245169,-0.3365110768940795,0,Creditbit 
OK,SHA-256,PoW/PoS,74676064.95,105000000.0,-0.3107606913864723,0.8446618603539093,-0.38001632317779577,0,OKCash
LSK,DPoS,DPoS,120012140.0,159918400.0,3.729625054562278,1.8547105133729844,-0.2688542298097157,0,Lisk
XHI,Scrypt,PoS,10000244678.0,10008835635.0,-0.09861976987360146,0.8322338153087576,-0.2964935272743294,0,HiCoin
XWC,Scrypt,PoW/PoS,252005564.2,300000000.0,-0.3254696760815533,1.0029746629885712,-0.5860223972397116,0,WhiteCoin
FSC,NeoScrypt,PoW/PoS,1120385.005,60168145.0,-0.34671024900704966,0.5095448271834783,-0.32694575585712427,0,FriendshipCoin
J,Multiple,PoW,3332922.5,2800000.0,-0.1369832943641203,-1.8157078564216476,0.37587501932276085,3,JoinCoin
TRI,X13,PoW/PoS,140777.7534,120000.0,-0.2870206793083371,1.7993994494494494,-0.6707632683275,0,Triangles Coin
VOLLAR,Equihash+Scrypt,PoW,100000000.0,2100000000.0,-0.1524712384745723,-2.3095377942660757,0.45379830266436527,3,Vollar
EOS,DPoS,DPoS,1020544523.0,0.0,3.739491084204984,1.855167963364869,-0.2692092913351621,0,EOS
RCC,Ethash,PoW,24487944.1,24487944.0,-0.15791969258220664,-2.0064453714453685,0.4192918233086986,3,Reality Clash
OXY,DPoS,DPoS,1122382283.0,0.0,3.740734868296732,1.8552109802340044,-0.2692510209827851,0,Oxycoin
TCH,SHA-256,PoS,1000000000.0,1000000000.0,-0.25408694293680406,0.6744412807364168,-0.08610349537690525,0,TigerCash
WAVES,Leased POS,LPoS,100000000.0,100000000.0,-0.4672171069866376,3.954113132554879,9.295605160793842,1,Waves
PART,PoS,PoS,9283137.556,8634140.0,-0.3673877063128509,1.6448107153687457,-0.14698199815824267,0,Particl
BTT,TRC10,DPoS,989989000000.0,990000000000.0,34.04878411518735,1.8241846063087856,-1.276490964903648,2,BitTorrent
NXT,PoS,PoS/LPoS,1000000000.0,1000000000.0,-0.37658337729865327,1.814182605742849,-0.0704109139680715,0,Nxt
ZEPH,SHA-256,DPoS,1999999995.0,2000000000.0,2.475860824269554,0.8374144670536574,-0.15040331027187268,0,ZEPHYR
GAP,Scrypt,PoW/PoS,14931046.15,250000000.0,-0.32871925287291553,1.002898614796431,-0.5859208918256033,0,Gapcoin
BDX,CryptoNight,PoW,980222595.0,1400222610.0,0.3147978972356461,-2.3117885969379772,0.45024000343862314,3,Beldex
ZEN,Equihash,PoW,7296537.5,21000000.0,-0.14442493657656785,-2.0126263566439633,0.38594992740393125,3,Horizen
XBC,Scrypt,PoS,128326.9963,1000000.0,-0.29162929958024186,0.8328321789575909,-0.2915230673986671,0,BitcoinPlus
